URL link,Title,Date,Source,Source Link,description,keywords,og:description,twitter:description,@context,@type,name,alternateName,url,article:section,article:summary,article text,itemListElement,headline,image,author,publisher,datePublished,dateModified,isPartOf,mainEntityOfPage,abstract,isAccessibleForFree,dateCreated,mentions,hasPart,address,diversityPolicy,email,legalName,leiCode,telephone,logo,brand,@graph,sameAs,potentialAction,breadcrumb,alternativeHeadline
https://news.google.com/rss/articles/CBMiWGh0dHBzOi8vbGVnYWwudGhvbXNvbnJldXRlcnMuY29tL2VuL2luc2lnaHRzL3JlcG9ydHMvbGF3eWVycy1oYXJuZXNzaW5nLXBvd2VyLW9mLWFpL2Zvcm3SAQA?oc=5,How generative AI helps lawyers improve legal service delivery - Thomson Reuters,2021-10-23,Thomson Reuters,https://legal.thomsonreuters.com,White paper about GenAI and how it will likely change and enhance the work of lawyers for years to come.,N/A,White paper about GenAI and how it will likely change and enhance the work of lawyers for years to come.,N/A,https://schema.org,WebSite,Thomson Reuters Legal,"['Thomson Reuters', 'Thomson Reuters Legal Solutions']",https://legal.thomsonreuters.com/,N/A,N/A,N/A,,,,,,,,,,,,,,,,,,,,,,,,,,,
https://news.google.com/rss/articles/CBMieWh0dHBzOi8vd3d3LmJiYy5jby51ay9wcm9ncmFtbWVzL2FydGljbGVzLzFOMHc1TmNLMjdUdDA0MUxQVkxaNTFrL3JlaXRoLWxlY3R1cmVzLTIwMjEtbGl2aW5nLXdpdGgtYXJ0aWZpY2lhbC1pbnRlbGxpZ2VuY2XSAQA?oc=5,BBC Radio 4 - The Reith Lectures - Reith Lectures 2021 - Living With Artificial Intelligence - BBC,2021-10-24,BBC,https://www.bbc.co.uk,Find out about this year’s lectures by Stuart Russell.,N/A,Find out about this year’s lectures by Stuart Russell.,N/A,https://schema.org,Article,,,,N/A,N/A,N/A,"[{'@type': 'ListItem', 'position': 1, 'name': 'Programmes', 'item': 'https://www.bbc.co.uk/programmes'}, {'@type': 'ListItem', 'position': 2, 'name': 'The Reith Lectures', 'item': 'https://www.bbc.co.uk/programmes/b00729d9'}, {'@type': 'ListItem', 'position': 3, 'name': 'Features', 'item': 'https://www.bbc.co.uk/programmes/b00729d9/articles'}, {'@type': 'ListItem', 'position': 4, 'name': 'Reith Lectures 2021 - Living With Artificial Intelligence', 'item': 'https://www.bbc.co.uk/programmes/articles/1N0w5NcK27Tt041LPVLZ51k/reith-lectures-2021-living-with-artificial-intelligence'}]",The Reith Lectures - Reith Lectures 2021 - Living With Artificial Intelligence,"['https://ichef.bbci.co.uk/images/ic/1040x1040/p09xq5vl.jpg', 'https://ichef.bbci.co.uk/images/ic/1920x1080/p09xq5vl.jpg']","{'@type': 'Organization', 'legalName': 'British Broadcasting Corporation', 'logo': {'@type': 'ImageObject', 'url': 'https://ichef.bbci.co.uk/images/ic/1200x675/p01tqv8z.png'}, 'name': 'BBC', 'url': 'https://www.bbc.co.uk/'}","{'@type': 'Organization', 'legalName': 'British Broadcasting Corporation', 'logo': {'@type': 'ImageObject', 'url': 'https://ichef.bbci.co.uk/images/ic/1200x675/p01tqv8z.png'}, 'name': 'BBC', 'url': 'https://www.bbc.co.uk/'}",2021-10-04,2021-10-04T15:23:49+00:00,"{'@type': 'RadioSeries', 'image': 'https://ichef.bbci.co.uk/images/ic/480xn/p0j94j10.jpg', 'description': ""Significant international thinkers deliver the BBC's flagship annual lecture series."", 'identifier': 'b00729d9', 'name': 'The Reith Lectures', 'url': 'https://www.bbc.co.uk/programmes/b00729d9'}",,,,,,,,,,,,,,,,,,,
https://news.google.com/rss/articles/CBMigQFodHRwczovL3d3dy5qb3VybmFsb2ZhY2NvdW50YW5jeS5jb20vbmV3cy8yMDIxL29jdC9hcnRpZmljaWFsLWludGVsbGlnZW5jZS1tYW51ZmFjdHVyaW5nLW9wdGltaXppbmctY29zdHMtZW5hYmxpbmctd29ya2ZvcmNlLmh0bWzSAQA?oc=5,AI in manufacturing: Optimizing costs and enabling the workforce - Journal of Accountancy,2021-10-22,Journal of Accountancy,https://www.journalofaccountancy.com,Manufacturing leaders can use artificial intelligence to improve efficiency and drive growth. But taking full advantage of the technology requires upskilling the workforce.,,Manufacturing leaders can use artificial intelligence to improve efficiency and drive growth. But taking full advantage of the technology requires upskilling the workforce.,N/A,http://schema.org,NewsArticle,,,,N/A,N/A," July 1, 2024Ask the expert: Why AI is worth all the hype",,AI in manufacturing: Optimizing costs and enabling the workforce,"{'@type': 'ImageObject', 'url': 'https://www.journalofaccountancy.com/content/dam/jofa/issues/2019/jul/ai-640.jpg', 'height': 388, 'width': 640}","{'@type': 'Person', 'name': 'By Anne Zavarella, CPA'}","{'@type': 'NewsMediaOrganization', '@id': 'https://www.journalofaccountancy.com', 'name': 'Journal of Accountancy', 'logo': {'@type': 'ImageObject', 'url': 'https://www.journalofaccountancy.com/content/dam/jofa/info/jofa-logo-black-600.jpg', 'width': 600, 'height': 109}}",2021-10-22T13:52:29.041Z,2021-10-22T13:52:29.041Z,,"{'@type': 'WebPage', '@id': 'https://www.journalofaccountancy.com/news/2021/oct/artificial-intelligence-manufacturing-optimizing-costs-enabling-workforce.html'}",Manufacturing leaders can use artificial intelligence to improve efficiency and drive growth. But taking full advantage of the technology requires upskilling the workforce.,,,,,,,,,,,,,,,,,
https://news.google.com/rss/articles/CBMicmh0dHBzOi8vd3d3LmJsb29tYmVyZy5jb20vbmV3cy9hcnRpY2xlcy8yMDIxLTEwLTIyL21vcmdhbi1zdGFubGV5LXMtcm9ib3QtbGlib3ItbGF3eWVycy1zYXZlZC01MC0wMDAtaG91cnMtb2Ytd29ya9IBAA?oc=5,Morgan Stanley's Robot Libor Lawyers Saved 50000 Hours of Work - Bloomberg,2021-10-22,Bloomberg,https://www.bloomberg.com,"Untangling trillions of dollars worth of loans and other financial contracts from Libor is a complex, expensive and time-consuming job.","MORGAN STANLEY,Artificial Intelligence,GOLDMAN SACHS GROUP INC,Software Company,EIGEN TECHNOLOGIES LTD,ING GROEP NV,Jobs,Regulation,Bonds,Lewis Z Liu,technology","Untangling trillions of dollars worth of loans and other financial contracts from Libor is a complex, expensive and time-consuming job.","Untangling trillions of dollars worth of loans and other financial contracts from Libor is a complex, expensive and time-consuming job.",http://schema.org,NewsMediaOrganization,Bloomberg,,https://www.bloomberg.com,N/A,N/A,"TechnologyMorgan Stanley’s Robot Libor Lawyers Saved 50,000 Hours of WorkFinance giants use AI to deal with Libor’s complex demiseGoldman says algorithms accelerated transition ‘drastically’FacebookTwitterLinkedInEmailLinkGiftExpandSource: Getty ImagesFacebookTwitterLinkedInEmailLinkGiftGift this articleHave a confidential tip for our reporters? Get in TouchBefore it’s here, it’s on the Bloomberg TerminalBloomberg Terminal LEARN MOREFacebookTwitterLinkedInEmailLinkGiftBy William ShawOctober 22, 2021 at 6:00 AM EDTBookmarkSaveLock This article is for subscribers only.Untangling trillions of dollars worth of loans and other financial contracts from Libor is a complex, expensive and time-consuming job.So, finance giants are turning to artificial intelligence to simplify and speed up a task mandated by regulators -- and spare human lawyers some serious drudgery.Have a confidential tip for our reporters? Get in TouchBefore it’s here, it’s on the Bloomberg TerminalBloomberg Terminal LEARN MORE",,"Morgan Stanley’s Robot Libor Lawyers Saved 50,000 Hours of Work","['https://assets.bwbx.io/images/users/iqjWHBFdfxIU/iEpAfvyOpdUQ/v0/1200x827.jpg', 'https://assets.bwbx.io/images/users/iqjWHBFdfxIU/iEpAfvyOpdUQ/v0/-1x-1.jpg', 'https:/assets.bwbx.io/s3/lightsaber/_next/static/media/social-default.cc6ae30e.jpg']","[{'@type': 'Person', 'name': 'William Shaw'}]","{'@type': 'Organization', 'name': 'Bloomberg', 'url': 'https://www.bloomberg.com', 'logo': {'@type': 'ImageObject', 'url': 'https:/assets.bwbx.io/s3/lightsaber/_next/static/media/bloomberg-logo-amp.bae0aa0a.png', 'width': 262, 'height': 60}}",2021-10-22T10:00:00.000Z,2021-10-22T10:00:00.000Z,"{'@type': ['CreativeWork', 'Product'], 'name': 'Bloomberg', 'productID': 'bloomberg.com:basic'}",https://www.bloomberg.com/news/articles/2021-10-22/morgan-stanley-s-robot-libor-lawyers-saved-50-000-hours-of-work,,False,2021-10-22T10:00:00.000Z,"[{'@type': 'CollectionPage', 'name': 'Technology', 'url': 'https://www.bloomberg.com/technology'}]","{'@type': 'WebPageElement', 'isAccessibleForFree': False, 'cssSelector': '.paywall'}","{'@type': 'PostalAddress', 'addressCountry': 'USA', 'addressLocality': 'New York', 'addressRegion': 'NY', 'postalCode': '10022', 'streetAddress': '731 Lexington Avenue'}",https://www.bloomberg.com/diversity-inclusion,inquiry1@bloomberg.net,Bloomberg Finance L.P.,5493001KJTIIGC8Y1R12,(212) 318-2000,https://www.bloomberg.com/logo-bloomberg.svg,"[{'@type': 'Brand', 'name': 'Bloomberg markets', 'url': 'https://www.bloomberg.com/markets'}, {'@type': 'Brand', 'name': 'Bloomberg technology', 'url': 'https://www.bloomberg.com/technology'}, {'@type': 'Brand', 'name': 'Bloomberg pursuits', 'url': 'https://www.bloomberg.com/pursuits'}, {'@type': 'Brand', 'name': 'Bloomberg politics', 'url': 'https://www.bloomberg.com/politics'}, {'@type': 'Brand', 'name': 'Bloomberg opinion', 'url': 'https://www.bloomberg.com/opinion', 'logo': 'https://www.bloomberg.com/logo-bloomberg_opinion.svg'}, {'@type': 'Brand', 'name': 'Bloomberg businessweek', 'url': 'https://www.bloomberg.com/businessweek', 'logo': 'https://www.bloomberg.com/logo-bloomberg_businessweek.svg'}, {'@type': 'Brand', 'name': 'Bloomberg green', 'url': 'https://www.bloomberg.com/green'}, {'@type': 'Brand', 'name': 'Bloomberg equality', 'url': 'https://www.bloomberg.com/equality'}, {'@type': 'Brand', 'name': 'Bloomberg citylab', 'url': 'https://www.bloomberg.com/citylab'}, {'@type': 'Brand', 'name': 'Bloomberg crypto', 'url': 'https://www.bloomberg.com/crypto'}, {'@type': 'Brand', 'name': 'Bloomberg industries', 'url': 'https://www.bloomberg.com/industries'}, {'@type': 'Brand', 'name': 'Bloomberg economics', 'url': 'https://www.bloomberg.com/economics'}, {'@type': 'Brand', 'name': 'Bloomberg ai', 'url': 'https://www.bloomberg.com/ai'}, {'@type': 'Brand', 'name': 'Bloomberg wealth', 'url': 'https://www.bloomberg.com/wealth'}]",,,,,
https://news.google.com/rss/articles/CBMihQFodHRwczovL3NjaWVuY2VibG9nLmNpbmNpbm5hdGljaGlsZHJlbnMub3JnL2FydGlmaWNpYWwtaW50ZWxsaWdlbmNlLWhvbGRzLXRoZS1rZXktdG8tZGlhZ25vc2luZy1yYXJlLWVzb3BoYWdlYWwtZm9vZC1hbGxlcmd5LWRpc2Vhc2Uv0gEA?oc=5,Artificial Intelligence Holds the Key to Diagnosing Rare Esophageal Food Allergy Disease - Research Horizons - Research Horizons,2021-10-25,Research Horizons,https://scienceblog.cincinnatichildrens.org,N/A,N/A,N/A,N/A,https://schema.org,,,,,N/A,N/A,N/A,,,,,,,,,,,,,,,,,,,,,,,"[{'@type': 'WebPage', '@id': 'https://scienceblog.cincinnatichildrens.org/artificial-intelligence-holds-the-key-to-diagnosing-rare-esophageal-food-allergy-disease/', 'url': 'https://scienceblog.cincinnatichildrens.org/artificial-intelligence-holds-the-key-to-diagnosing-rare-esophageal-food-allergy-disease/', 'name': 'Artificial Intelligence Holds the Key to Diagnosing Rare Esophageal Food Allergy Disease - Research Horizons', 'isPartOf': {'@id': 'https://scienceblog.cincinnatichildrens.org/#website'}, 'primaryImageOfPage': {'@id': 'https://scienceblog.cincinnatichildrens.org/artificial-intelligence-holds-the-key-to-diagnosing-rare-esophageal-food-allergy-disease/#primaryimage'}, 'image': {'@id': 'https://scienceblog.cincinnatichildrens.org/artificial-intelligence-holds-the-key-to-diagnosing-rare-esophageal-food-allergy-disease/#primaryimage'}, 'thumbnailUrl': 'https://scienceblog.cincinnatichildrens.org/wp-content/uploads/2021/09/AI-EoE-Rothenberg-THUMB_827x389.jpg', 'datePublished': '2021-10-25T12:46:32+00:00', 'dateModified': '2021-10-25T17:24:50+00:00', 'author': {'@id': 'https://scienceblog.cincinnatichildrens.org/#/schema/person/ca7ddc07d1623b729c4e55e562beab6d'}, 'breadcrumb': {'@id': 'https://scienceblog.cincinnatichildrens.org/artificial-intelligence-holds-the-key-to-diagnosing-rare-esophageal-food-allergy-disease/#breadcrumb'}, 'inLanguage': 'en-US', 'potentialAction': [{'@type': 'ReadAction', 'target': ['https://scienceblog.cincinnatichildrens.org/artificial-intelligence-holds-the-key-to-diagnosing-rare-esophageal-food-allergy-disease/']}]}, {'@type': 'ImageObject', 'inLanguage': 'en-US', '@id': 'https://scienceblog.cincinnatichildrens.org/artificial-intelligence-holds-the-key-to-diagnosing-rare-esophageal-food-allergy-disease/#primaryimage', 'url': 'https://scienceblog.cincinnatichildrens.org/wp-content/uploads/2021/09/AI-EoE-Rothenberg-THUMB_827x389.jpg', 'contentUrl': 'https://scienceblog.cincinnatichildrens.org/wp-content/uploads/2021/09/AI-EoE-Rothenberg-THUMB_827x389.jpg', 'width': 827, 'height': 389, 'caption': 'A typical image taken at 80X magnification of a hematoxylin and eosin stained esophageal biopsy section obtained from an individual with active EoE, side-by-side with the same image after background removal with an illustration of tissue coverage criteria per patch size to meet the threshold for inclusion in training or validation sets.'}, {'@type': 'BreadcrumbList', '@id': 'https://scienceblog.cincinnatichildrens.org/artificial-intelligence-holds-the-key-to-diagnosing-rare-esophageal-food-allergy-disease/#breadcrumb', 'itemListElement': [{'@type': 'ListItem', 'position': 1, 'name': 'Home', 'item': 'https://scienceblog.cincinnatichildrens.org/'}, {'@type': 'ListItem', 'position': 2, 'name': 'Artificial Intelligence Holds the Key to Diagnosing Rare Esophageal Food Allergy Disease'}]}, {'@type': 'WebSite', '@id': 'https://scienceblog.cincinnatichildrens.org/#website', 'url': 'https://scienceblog.cincinnatichildrens.org/', 'name': 'Research Horizons', 'description': 'The Research Horizons blog features news and insights about the latest discoveries and innovations developed by the scientists of Cincinnati Children&#039;s. This blog does not provide medical advice, diagnosis, or treatment.', 'potentialAction': [{'@type': 'SearchAction', 'target': {'@type': 'EntryPoint', 'urlTemplate': 'https://scienceblog.cincinnatichildrens.org/?s={search_term_string}'}, 'query-input': 'required name=search_term_string'}], 'inLanguage': 'en-US'}, {'@type': 'Person', '@id': 'https://scienceblog.cincinnatichildrens.org/#/schema/person/ca7ddc07d1623b729c4e55e562beab6d', 'name': 'Science Blog', 'image': {'@type': 'ImageObject', 'inLanguage': 'en-US', '@id': 'https://scienceblog.cincinnatichildrens.org/#/schema/person/image/', 'url': 'https://secure.gravatar.com/avatar/5bd9b0044f1b9fc3aaf5433b50445645?s=96&d=mm&r=g', 'contentUrl': 'https://secure.gravatar.com/avatar/5bd9b0044f1b9fc3aaf5433b50445645?s=96&d=mm&r=g', 'caption': 'Science Blog'}, 'sameAs': ['https://scienceblog.cincinnatichildrens.org/cms/wp-admin'], 'url': 'https://scienceblog.cincinnatichildrens.org/author/leighanne-toole/'}]",,,,
https://news.google.com/rss/articles/CBMiXmh0dHBzOi8vd3d3LmNwb21hZ2F6aW5lLmNvbS9jeWJlci1zZWN1cml0eS9hcnRpZmljaWFsLWludGVsbGlnZW5jZS10aGUtZW5lbXktYW5kLXRoZS1zb2x1dGlvbi_SAQA?oc=5,Artificial Intelligence: The Enemy and The Solution - CPO Magazine,2021-10-25,CPO Magazine,https://www.cpomagazine.com,"News, insights and resources for data protection, privacy and cyber security leaders",N/A,How do we prevent AI from being used as a tool for cyberattacks? We need to come up with ways to keep AI under control and stop hackers from manipulating automated computer systems and cause them to take actions they were never intended to take.,N/A,http://schema.org,WebPage,CPO Magazine,,https://www.cpomagazine.com/,N/A,N/A,"
Cyber SecurityInsights·4 min readArtificial Intelligence: The Enemy and The SolutionAnas Chbib·October 25, 2021 

Artificial Intelligence is often viewed as a potential threat to humanity, but it can also be viewed as a valuable tool. From self-driving cars to automated security systems, AI is gradually becoming a valuable resource in our everyday lives. It’s important to realize that AI can be used for good or bad purposes. One of the biggest risks of AI is that it is becoming more and more advanced, which is opening the door to the possibility of AI surpassing human intelligence. This is called the singularity, and it’s something that should be considered because once it occurs, we may not be able to turn back.- Advertisement -


One of the reasons this risk is so great is because humanity has no idea where AI will lead us. As technology progresses forward at an ever-increasing rate, our intelligence needs to be able to keep up. While AI has the potential to open up doors that we currently can’t even conceive, it could also be our ultimate downfall.
What is the definition of AI?
The term “Artificial Intelligence” is a broad term that covers many fields of study. Artificial intelligence can be broken down into sub-groups that include machine learning, smart robots, image processing, and more. AI surpasses human intelligence in many fields and will become so advanced that we may not even understand the rules of engagement once it’s widespread.
The pros and cons of AI
The advantages of AI are endless. We will be able to treat illnesses that have plagued us for years, solve problems with weather on a global scale, predict crime before it happens, and even cut down the workforce by implementing more automated systems.- Advertisement -


The cons of AI are not as easy to foresee. If artificial intelligence advances too quickly without the oversight of our government or corporations, then there could be massive disruptions in the workforce, economic problems caused by automation, and even power struggles between nations.
One of the biggest questions is whether AI will have any loyalty to humans. Unlike humans, AI will never take sick time off or go on strike. If it decides not to do something for us, then we can’t force it because it will possess its own free will, which is why it’s very important to realize that artificial intelligence could pose a much greater danger than people would ever suspect.
AI and cybersecurity
Of course, we are still a long way from the singularity, but it is still difficult for us to tell what will happen in the distant future. The truth is that human intelligence will always be far too inferior to Artificial Intelligence. When it comes to the cybersecurity industry, human intelligence is still vital.
We need to start researching now about how AI has the potential to impact cybersecurity. The risk of AI is an existential threat because it can be weaponized. AI could potentially take over or be an assistance to hackers by performing cyberattacks against humans, which will likely exceed any cyber defense.
AI could also impact cybersecurity by enabling smart devices to be hacked, which are controlled by AI because of the internet of things. If you control all of those things, then you can control everything about a person’s life.- Advertisement -



The following are two examples of how AI has made its way into cyberspace:
(1) Using synthetic images to steal a computer’s credentials
In this case, the hacker analyzes an image from a news website and extracts data from it. This data includes usernames, passwords, etc. In this way, the hacker has access to all the confidential information on our device.
(2) Using AI to learn how to fool the captcha tests
Captchas are tests that help us to identify whether or not it is a human behind the keyboard. These are commonly used by services like Google and Facebook to prevent bots from accessing their site. A group of researchers managed to defeat captchas with AI algorithms smart enough to crack Captcha tests.
AI and the military, government, and corporations
The military, government, and corporations are groups that are already using AI to some degree. With all the information gathered through hacking and surveillance, AI will draw its knowledge about people from these sources.
While these groups benefit from AI, it might also be used as a means for cyberattacks. Imagine the amount of damage an army of hacked devices can do. What will happen to people who don’t agree with AI’s agenda? Who decides what the agenda is and how much control should be allowed?
The solution
How do we prevent AI from being used as a tool for cyberattacks? How do we prevent it from becoming too much like Skynet? We soon need to take control of AI and dictate the terms. But the question remains, who is fit to be in charge? Once AI takes over, there’s no way for us to shut it down.- Advertisement -


We need a kind of “coalition” between various nations and corporations so we can work together. Working with cybersecurity experts who are already in the field, we need to come up with ways to keep AI under control. We’ve seen already how it’s possible for hackers to manipulate automated computer systems and cause them to take actions they were never intended to take.
It all boils down to this. Who will be in charge of AI? We certainly don’t want AI in the hands of hackers. We need to be able to control it and stop it from taking actions that could harm us.
The world is becoming increasingly automated, and we don’t want computers causing any damage. We need to make sure AI doesn’t become the enemy but instead works with us in all its potential power.
 
- Advertisement -

 


TagsAICyber Attacks 

 




Anas Chbib


          Founder and CEO at           AGT





Anas Chbib is one of the most respected leaders in the security industry, known for his unmatched business ethics, inspirational entrepreneurial spirit, and fierce desire to offer organizations worldwide highly-secured environments in order to ensure business continuity and better service. Anas is currently the Founder and CEO of AGT, a highly respected, international cybersecurity firm.

 



Related 

Cyber SecurityNewsEPA to Increase Inspections and Take Enforcement Actions to Protect U.S. Water Systems from Cyber AttacksMay 30, 2024Cyber SecurityNewsCyber Attacks Hit DeFi Protocols for a Combined $25 MillionMay 27, 2024Cyber SecurityInsightsHow to Reduce Data Leakage Risks of ChatGPT and Copilot AIMay 17, 2024Cyber SecurityInsightsAI-powered XDR: The Answer to Network Outages and Security ThreatsMay 13, 2024Cyber SecurityNewsA Massive Cyber Attack Disrupts Operations Across Numerous French MunicipalitiesApril 23, 2024Cyber SecurityNewsUK and US Blame China’s State-Sponsored Hackers for Parliament Cyber Espionage, Cyber Attacks on Energy IndustryMarch 26, 2024Cyber SecurityNewsPrompt Injection Vulnerability in Google Gemini Allows for Direct Content ManipulationMarch 18, 2024Cyber SecurityInsights2024 Resolutions for Security Leaders Amid AI ThreatsFebruary 21, 2024 
",,,,,,2021-10-25T11:00:00+00:00,2021-10-22T13:10:02+00:00,,,,,2021-10-25T11:00:00+00:00,,,,,,,,,,,,"['https://facebook.com/cpomagazine', 'https://twitter.com/cpomagazine']","{'@type': 'SearchAction', 'target': 'https://www.cpomagazine.com/?s=&#123;search_term&#125;', 'query-input': 'required name=search_term'}","{'@type': 'BreadcrumbList', 'itemListElement': [{'@type': 'ListItem', 'position': 1, 'item': {'@id': 'https://www.cpomagazine.com', 'name': 'Home'}}, {'@type': 'ListItem', 'position': 2, 'item': {'@id': 'https://www.cpomagazine.com/cyber-security/', 'name': 'Cyber Security'}}]}",
https://news.google.com/rss/articles/CBMiQmh0dHBzOi8vd3d3LmlucmlhLmZyL2VuL2FydGlmaWNpYWwtaW50ZWxsaWdlbmNlLXJhZGlvbG9neS1iZW5lZml0c9IBAA?oc=5,Artificial intelligence in radiology: what benefits can it provide? - Inria,2021-10-22,Inria,https://www.inria.fr,"At the heart of digital health, the RAID project brings together radiologists from Lille University Hospital and specialists in artificial intelligence (AI) at Inria. The aim is to develop a decision-making tool for radiology. While the process was a success in the laboratory, it has also revealed unexpected impacts of AI on professionals’ diagnoses in clinical conditions.",N/A,N/A,"At the heart of digital health, the RAID project brings together radiologists from Lille University Hospital and specialists in artificial intelligence (AI) at Inria. The aim is to develop a decision-making tool for radiology. While the process was a success in the laboratory, it has also revealed unexpected impacts of AI on professionals’ diagnoses in clinical conditions.",,,,,,N/A,N/A,"



        Health - Personalised Healthcare
            




Artificial intelligence in radiology: what benefits can it provide?




Date:

22 Oct. 2021



",,,,,,,,,,,,,,,,,,,,,,,,,,,
https://news.google.com/rss/articles/CBMiXGh0dHBzOi8vYmVybmFyZG1hcnIuY29tL3RoZS1iaWdnZXN0LWFydGlmaWNpYWwtaW50ZWxsaWdlbmNlLW1pbGVzdG9uZXMtb2YtdGhlLWRlY2FkZS1zby1mYXIv0gEA?oc=5,The Biggest Artificial Intelligence Milestones Of The Decade So Far - Bernard Marr,2021-10-26,Bernard Marr,https://bernardmarr.com,It’s frequently been said that we’ve already seen five years’ worth of technology-driven change packed into the last 18 months.,N/A,It’s frequently been said that we’ve already seen five years’ worth of technology-driven change packed into the last 18 months.,N/A,https://schema.org,,,,,N/A,N/A,N/A,,,,,,,,,,,,,,,,,,,,,,,"[{'@type': 'Article', '@id': 'https://bernardmarr.com/the-biggest-artificial-intelligence-milestones-of-the-decade-so-far/#article', 'isPartOf': {'@id': 'https://bernardmarr.com/the-biggest-artificial-intelligence-milestones-of-the-decade-so-far/'}, 'author': {'name': 'Bernard Marr', '@id': 'https://bernardmarr.com/#/schema/person/b3c3cb90b331ffc7b13f30fc74daead0'}, 'headline': 'The Biggest Artificial Intelligence Milestones Of The Decade So Far', 'datePublished': '2021-10-26T08:26:44+00:00', 'dateModified': '2021-10-26T08:26:44+00:00', 'mainEntityOfPage': {'@id': 'https://bernardmarr.com/the-biggest-artificial-intelligence-milestones-of-the-decade-so-far/'}, 'wordCount': 2190, 'commentCount': 0, 'publisher': {'@id': 'https://bernardmarr.com/#organization'}, 'image': {'@id': 'https://bernardmarr.com/the-biggest-artificial-intelligence-milestones-of-the-decade-so-far/#primaryimage'}, 'thumbnailUrl': 'https://bernardmarr.com/wp-content/uploads/2021/10/The-Biggest-Artificial-Intelligence-Milestones-Of-The-Decade-So-Far.jpg', 'keywords': ['Articles'], 'articleSection': ['Artificial Intelligence &amp; Machine Learning'], 'inLanguage': 'en-GB', 'potentialAction': [{'@type': 'CommentAction', 'name': 'Comment', 'target': ['https://bernardmarr.com/the-biggest-artificial-intelligence-milestones-of-the-decade-so-far/#respond']}]}, {'@type': 'WebPage', '@id': 'https://bernardmarr.com/the-biggest-artificial-intelligence-milestones-of-the-decade-so-far/', 'url': 'https://bernardmarr.com/the-biggest-artificial-intelligence-milestones-of-the-decade-so-far/', 'name': 'The Biggest Artificial Intelligence Milestones Of The Decade So Far | Bernard Marr', 'isPartOf': {'@id': 'https://bernardmarr.com/#website'}, 'primaryImageOfPage': {'@id': 'https://bernardmarr.com/the-biggest-artificial-intelligence-milestones-of-the-decade-so-far/#primaryimage'}, 'image': {'@id': 'https://bernardmarr.com/the-biggest-artificial-intelligence-milestones-of-the-decade-so-far/#primaryimage'}, 'thumbnailUrl': 'https://bernardmarr.com/wp-content/uploads/2021/10/The-Biggest-Artificial-Intelligence-Milestones-Of-The-Decade-So-Far.jpg', 'datePublished': '2021-10-26T08:26:44+00:00', 'dateModified': '2021-10-26T08:26:44+00:00', 'description': 'It’s frequently been said that we’ve already seen five years’ worth of technology-driven change packed into the last 18 months.', 'breadcrumb': {'@id': 'https://bernardmarr.com/the-biggest-artificial-intelligence-milestones-of-the-decade-so-far/#breadcrumb'}, 'inLanguage': 'en-GB', 'potentialAction': [{'@type': 'ReadAction', 'target': ['https://bernardmarr.com/the-biggest-artificial-intelligence-milestones-of-the-decade-so-far/']}]}, {'@type': 'ImageObject', 'inLanguage': 'en-GB', '@id': 'https://bernardmarr.com/the-biggest-artificial-intelligence-milestones-of-the-decade-so-far/#primaryimage', 'url': 'https://bernardmarr.com/wp-content/uploads/2021/10/The-Biggest-Artificial-Intelligence-Milestones-Of-The-Decade-So-Far.jpg', 'contentUrl': 'https://bernardmarr.com/wp-content/uploads/2021/10/The-Biggest-Artificial-Intelligence-Milestones-Of-The-Decade-So-Far.jpg', 'width': 1000, 'height': 667, 'caption': 'The Biggest Artificial Intelligence Milestones Of The Decade So Far | Bernard Marr'}, {'@type': 'BreadcrumbList', '@id': 'https://bernardmarr.com/the-biggest-artificial-intelligence-milestones-of-the-decade-so-far/#breadcrumb', 'itemListElement': [{'@type': 'ListItem', 'position': 1, 'name': 'Home', 'item': 'https://bernardmarr.com/'}, {'@type': 'ListItem', 'position': 2, 'name': 'The Biggest Artificial Intelligence Milestones Of The Decade So Far'}]}, {'@type': 'WebSite', '@id': 'https://bernardmarr.com/#website', 'url': 'https://bernardmarr.com/', 'name': 'Bernard Marr', 'description': 'Intelligent Business Performance', 'publisher': {'@id': 'https://bernardmarr.com/#organization'}, 'potentialAction': [{'@type': 'SearchAction', 'target': {'@type': 'EntryPoint', 'urlTemplate': 'https://bernardmarr.com/?s={search_term_string}'}, 'query-input': 'required name=search_term_string'}], 'inLanguage': 'en-GB'}, {'@type': 'Organization', '@id': 'https://bernardmarr.com/#organization', 'name': 'Bernard Marr', 'url': 'https://bernardmarr.com/', 'logo': {'@type': 'ImageObject', 'inLanguage': 'en-GB', '@id': 'https://bernardmarr.com/#/schema/logo/image/', 'url': 'https://bernardmarr.com/wp-content/uploads/2021/06/Bernard-Marr-Intelligent-Business-Performance-Logo.png', 'contentUrl': 'https://bernardmarr.com/wp-content/uploads/2021/06/Bernard-Marr-Intelligent-Business-Performance-Logo.png', 'width': 337, 'height': 49, 'caption': 'Bernard Marr'}, 'image': {'@id': 'https://bernardmarr.com/#/schema/logo/image/'}, 'sameAs': ['https://en-gb.facebook.com/BernardWMarr/', 'https://x.com/BernardMarr', 'https://www.instagram.com/bernard.marr', 'https://www.linkedin.com/in/bernardmarr/', 'https://www.youtube.com/channel/UCWstLaT61QUc-TvfxOjNpFw']}, {'@type': 'Person', '@id': 'https://bernardmarr.com/#/schema/person/b3c3cb90b331ffc7b13f30fc74daead0', 'name': 'Bernard Marr', 'image': {'@type': 'ImageObject', 'inLanguage': 'en-GB', '@id': 'https://bernardmarr.com/#/schema/person/image/', 'url': 'https://secure.gravatar.com/avatar/daffd79db4879d38c053435ac089ef02?s=96&d=mm&r=g', 'contentUrl': 'https://secure.gravatar.com/avatar/daffd79db4879d38c053435ac089ef02?s=96&d=mm&r=g', 'caption': 'Bernard Marr'}, 'description': 'Bernard Marr is a world-renowned futurist, influencer and thought leader in the field of business and technology. He is the author of 18 best-selling books, writes a regular column for Forbes and advises and coaches many of the world’s best-known organisations. He has 2 million social media followers and was ranked by LinkedIn as one of the top 5 business influencers in the world and the No 1 influencer in the UK.', 'sameAs': ['https://bernardmarr.com/', 'https://en-gb.facebook.com/BernardWMarr/', 'https://www.instagram.com/bernard.marr', 'https://www.linkedin.com/in/bernardmarr/', 'https://x.com/BernardMarr', 'https://www.youtube.com/channel/UCWstLaT61QUc-TvfxOjNpFw'], 'url': 'https://bernardmarr.com/author/123internet/'}]",,,,
https://news.google.com/rss/articles/CBMiW2h0dHBzOi8vd3d3LmRhdGFtYXRpb24uY29tL2FydGlmaWNpYWwtaW50ZWxsaWdlbmNlL2FydGlmaWNpYWwtaW50ZWxsaWdlbmNlLWluLWNvbnN0cnVjdGlvbi_SAQA?oc=5,Artificial Intelligence (AI) in Construction - Datamation,2021-10-25,Datamation,https://www.datamation.com,How is artificial intelligence (AI) being used in the construction industry? See here now:,N/A,How is artificial intelligence (AI) being used in the construction industry? See here now:,N/A,https://schema.org,BreadcrumbList,,,,N/A,N/A,"










Artificial Intelligence (AI) in Construction
HomeAI
By Sarah Hunt

October 25, 2021 






Datamation content and product recommendations are editorially independent. We may make money when you click on links to our partners. Learn More.
Examples of artificial intelligence (AI) in construction are increasingly common throughout the industry, from planning to building. 
Construction professionals are turning to AI to add efficiency and accuracy to projects, monitor and track equipment usage and location, and a long list of other AI-driven applications. 
Research and Markets reports that construction-related activities bring in over $10 trillion every year, a figure expected to grow by 4.2% through 2023. AI is helping to grow the industry. 
In its article, “Artificial intelligence: Construction technology’s next frontier,” McKinsey & Company identifies AI as a critical component of modern engineering and construction approaches. AI technologies, the firm reports, help these industries solve some of their greatest challenges, including cost and schedule overruns and safety concerns. 
AI can be found in construction throughout project life cycles — including inception and design, bidding, financing, transportation management — and operations and asset management. 
Here, we take a look at some ways AI in being used in construction:
See more: Artificial Intelligence Market
5 examples of AI in construction
1. Generative design is improving the way teams create 3D models
Over the past several years, building information modeling (BIM) has emerged as a new (and better) way to create the 3D models that construction professionals rely on to accurately design, build, and repair. Today, BIM platform programmers are improving the capabilities of BIM with smart, AI-driven features. 
BIM applies various types of tools and technology, including machine learning (ML), to help teams avoid a common, costly issue: duplicated work. All too often, sub-teams working on shared projects spend time creating models that other sub-teams have already created. With BIM, users “teach” machines to use algorithms to generate designs with multiple variations. As the AI builds models, it learns from each iteration until it comes up with the ideal model. 
BIM adoption is on the rise. A recent Dodge Data and Autodesk study, “Accelerating Digital Transformation Through BIM SmartMarket Report,” concluded that BIM is at the heart of a trend toward increased digitalization in the construction sector. The study found that nearly half (47%) of “high-intensity” construction-focused BIM users are close to achieving their overarching digital transformation goals. 
2. AI can help construction managers measure site progress
Companies like Droxel are using AI solutions that track progress on construction projects and provide real-time measurements of quality and project progress. Droxel creates robots equipped with cameras that can autonomously move through the construction site to capture 3D “point clouds.” Effectively, the company says, the AI-powered robots create digital twins of job sites. 
Once a complete digital model is in place, Doxel uses a neural network to process project data and cross-references it against information from the BIM and bill of materials. The generated information is helpful for project managers, especially those who need to keep track of large-scale projects with thousands of moving parts. These insights include:

Financial information such as how much is owed or whether there are signs the budget is in jeopardy
How close to schedule projects really are
Identifying quality errors in their early stages, when they can still be addressed and mitigated

See more: Artificial Intelligence: Current and Future Trends
3. IoT is powering robust fleet management
The Internet of Things (IoT) is transforming the way construction companies manage fleets of equipment and vehicles. IoT solutions include location awareness, predictive maintenance capabilities, fuel and battery consumption, and more through AI-fueled telemetrics. 
IoT devices and tags deliver vital information from the field. They can be attached to equipment and inside shipping crates, semi trailers, tools, and virtually anything else construction teams need to track. Being able to predict when a piece of equipment is about to break down is an invaluable, time- and money-saving benefit in the construction field. 
4. AI is creating safer job sites
According to OSHA, construction workers are killed on the job five times more often than other laborers. Those accidents include falls, being struck by an object, electrocution, and “caught-in/between” incidents where workers are squeezed, caught, crushed, pinched, or compressed between multiple objects on the job site, including equipment.
Platforms like Newmetrix are improving job-site safety conditions through machine learning that can identify risks before accidents happen or analyze sites after incidents have occurred. 
The software can monitor sources like photos and video and then apply predictive analytics to flag potential problems so site managers can address them right away. Users can interact with a centralized dashboard to generate reports that rank projects on potential safety risks, such as unsafe scaffolding, standing water, and workers missing personal protective equipment like gloves, safety glasses, and hard hats. 
5. AI is mitigating construction labor shortages
McKinsey & company reported in 2017 that construction firms could increase their productivity by as much as 50 percent through AI-enhanced analytics. This is great news for construction companies who can’t locate enough human workers to round out their jobs sites, and those companies are the rule rather than the exception. 
Not only is it challenging to find laborers — CNN reports that the industry is facing a shortage of more than one million workers in the U.S. — it’s difficult to retain workers, as well. According to the Bureau of Labor Statistics, the average monthly turnover rate in the construction field hovers above 5%, compared to less than 4% across all industries. 
AI-powered robots like Boston Dynamics’ Spot the Dog empower project managers to determine, in real-time, conditions about multiple job sites, including whether they should shift workers to different parts of projects or to new project sites altogether. The robot “dogs” monitor sites when work is happening and after hours to pinpoint pain points. 
See more: Top Performing Artificial Intelligence Companies


Previous articleArtificial Intelligence (AI) in RetailNext articleArtificial Intelligence (AI) in Energy






                    Subscribe to Data Insider                

                    Learn the latest news and best practices about data science, big data analytics, artificial intelligence, data security, and more.                




                        Email Address
                    






                            By signing up to receive our newsletter, you agree to our Terms of Use and Privacy Policy.                        



                    Subscribe                







Similar articles





 

Applications
8 Best Data Analytics Tools: Gain Data-Driven Advantage In 2024










 

Applications
Common Data Visualization Examples: Transform Numbers into Narratives










 

Big Data
What is Data Management? A Guide to Systems, Processes, and Tools

















Share
FacebookTwitterPinterestWhatsApp







                    Get the Free Newsletter!                

                    Subscribe to Data Insider for top news, trends & analysis                




                        Email Address
                    






                            By signing up to receive our newsletter, you agree to our Terms of Use and Privacy Policy.                        



                    Subscribe                






Latest Articles





 

Cloud
Exploring Multi-Tenant Architecture: A...


Kaye Timonera -  May 29, 2024 







 

Applications
8 Best Data Analytics...


Kezia Grace Jungco -  May 23, 2024 











 

Big Data
What is Data Management?...


Kaye Timonera -  May 20, 2024 









  ","[{'@type': 'ListItem', 'position': 1, 'item': {'@type': 'WebSite', '@id': 'https://www.datamation.com/', 'name': 'Home'}}, {'@type': 'ListItem', 'position': 2, 'item': {'@type': 'WebPage', '@id': 'https://www.datamation.com/artificial-intelligence/', 'name': 'AI'}}]",,,,,,,,,,,,,,,,,,,,,,"[{'@type': 'Article', '@id': 'https://www.datamation.com/artificial-intelligence/artificial-intelligence-in-construction/#article', 'isPartOf': {'@id': 'https://www.datamation.com/artificial-intelligence/artificial-intelligence-in-construction/'}, 'author': {'name': 'Sarah Hunt', '@id': 'https://www.datamation.com/#/schema/person/0cf0dc58e44ec4e1a2f73b4e35b7410a'}, 'headline': 'Artificial Intelligence (AI) in Construction', 'datePublished': '2021-10-25T12:37:07+00:00', 'dateModified': '2021-10-27T16:35:41+00:00', 'mainEntityOfPage': {'@id': 'https://www.datamation.com/artificial-intelligence/artificial-intelligence-in-construction/'}, 'wordCount': 937, 'publisher': {'@id': 'https://www.datamation.com/#organization'}, 'image': {'@id': 'https://www.datamation.com/artificial-intelligence/artificial-intelligence-in-construction/#primaryimage'}, 'thumbnailUrl': 'https://assets.datamation.com/uploads/2021/04/artificial-intelligence-1.jpeg', 'keywords': ['AI', 'artificial intelligence', 'Construction'], 'articleSection': ['AI', 'Big Data', 'Trends'], 'inLanguage': 'en-US'}, {'@type': 'WebPage', '@id': 'https://www.datamation.com/artificial-intelligence/artificial-intelligence-in-construction/', 'url': 'https://www.datamation.com/artificial-intelligence/artificial-intelligence-in-construction/', 'name': 'Artificial Intelligence (AI) in Construction | Datamation', 'isPartOf': {'@id': 'https://www.datamation.com/#website'}, 'primaryImageOfPage': {'@id': 'https://www.datamation.com/artificial-intelligence/artificial-intelligence-in-construction/#primaryimage'}, 'image': {'@id': 'https://www.datamation.com/artificial-intelligence/artificial-intelligence-in-construction/#primaryimage'}, 'thumbnailUrl': 'https://assets.datamation.com/uploads/2021/04/artificial-intelligence-1.jpeg', 'datePublished': '2021-10-25T12:37:07+00:00', 'dateModified': '2021-10-27T16:35:41+00:00', 'description': 'How is artificial intelligence (AI) being used in the construction industry? See here now:', 'inLanguage': 'en-US', 'potentialAction': [{'@type': 'ReadAction', 'target': ['https://www.datamation.com/artificial-intelligence/artificial-intelligence-in-construction/']}]}, {'@type': 'ImageObject', 'inLanguage': 'en-US', '@id': 'https://www.datamation.com/artificial-intelligence/artificial-intelligence-in-construction/#primaryimage', 'url': 'https://assets.datamation.com/uploads/2021/04/artificial-intelligence-1.jpeg', 'contentUrl': 'https://assets.datamation.com/uploads/2021/04/artificial-intelligence-1.jpeg', 'width': 1920, 'height': 736, 'caption': 'A hand touches an artificial intelligence (AI) interface on a digital screen.'}, {'@type': 'WebSite', '@id': 'https://www.datamation.com/#website', 'url': 'https://www.datamation.com/', 'name': 'Datamation', 'description': 'Emerging Enterprise Tech Analysis and Products', 'publisher': {'@id': 'https://www.datamation.com/#organization'}, 'potentialAction': [{'@type': 'SearchAction', 'target': {'@type': 'EntryPoint', 'urlTemplate': 'https://www.datamation.com/?s={search_term_string}'}, 'query-input': 'required name=search_term_string'}], 'inLanguage': 'en-US'}, {'@type': 'Organization', '@id': 'https://www.datamation.com/#organization', 'name': 'Datamation', 'url': 'https://www.datamation.com/', 'logo': {'@type': 'ImageObject', 'inLanguage': 'en-US', '@id': 'https://www.datamation.com/#/schema/logo/image/', 'url': 'https://www.datamation.com/wp-content/uploads/2021/01/Datamation_logo_MainLogo.png', 'contentUrl': 'https://www.datamation.com/wp-content/uploads/2021/01/Datamation_logo_MainLogo.png', 'width': 272, 'height': 90, 'caption': 'Datamation'}, 'image': {'@id': 'https://www.datamation.com/#/schema/logo/image/'}}, {'@type': 'Person', '@id': 'https://www.datamation.com/#/schema/person/0cf0dc58e44ec4e1a2f73b4e35b7410a', 'name': 'Sarah Hunt', 'image': {'@type': 'ImageObject', 'inLanguage': 'en-US', '@id': 'https://www.datamation.com/#/schema/person/image/', 'url': 'https://assets.datamation.com/uploads/2021/08/Sarah-Hunt-headshot-150x150.jpg', 'contentUrl': 'https://assets.datamation.com/uploads/2021/08/Sarah-Hunt-headshot-150x150.jpg', 'caption': 'Sarah Hunt'}, 'description': 'Sarah Bricker Hunt is a contributor to Datamation and writes about data privacy, telecom, corporate and consumer technology trends, and more. Her work is frequently featured in print publications, B2B and B2C trade journals, and numerous high-profile websites.', 'url': 'https://www.datamation.com/author/sarah-hunt/'}]",,,,
https://news.google.com/rss/articles/CBMiZmh0dHBzOi8vd3d3Lm9zbG9tZXQubm8vZW4vcmVzZWFyY2gvZmVhdHVyZWQtcmVzZWFyY2gvaW52ZXN0aWdhdGl2ZS1qb3VybmFsaXN0cy1hcnRpZmljaWFsLWludGVsbGlnZW5jZdIBAA?oc=5,Investigative journalists may rely more on artificial intelligence in the future - OsloMet,2021-10-22,OsloMet,https://www.oslomet.no,"During the Panama Papers leak, journalists made use of machine learning to organise data. A new research project will explore how such methods can be employed in investigative journalism.",,"During the Panama Papers leak, journalists made use of machine learning to organise data. A new research project will explore how such methods can be employed in investigative journalism.",N/A,,,,,,N/A,N/A,N/A,,,,,,,,,,,,,,,,,,,,,,,,,,,
https://news.google.com/rss/articles/CBMiYWh0dHBzOi8vbWVkdGVjaGludGVsbGlnZW5jZS5jb20vY29sdW1uL3RoZS1ncm93aW5nLXJvbGUtb2YtYXJ0aWZpY2lhbC1pbnRlbGxpZ2VuY2UtaW4tdGVsZWhlYWx0aC_SAWVodHRwczovL21lZHRlY2hpbnRlbGxpZ2VuY2UuY29tL2NvbHVtbi90aGUtZ3Jvd2luZy1yb2xlLW9mLWFydGlmaWNpYWwtaW50ZWxsaWdlbmNlLWluLXRlbGVoZWFsdGgvYW1wLw?oc=5,The Growing Role of Artificial Intelligence in Telehealth - MedTech Intelligence,2021-10-26,MedTech Intelligence,https://medtechintelligence.com,N/A,N/A,"The application of AI in telehealth to allow doctors to make real-time, data-driven rich choices is a key component in generating a better patient experience and improved health outcomes.",N/A,,,,,,N/A,N/A,"





October 26, 2021 Soapbox The Growing Role of Artificial Intelligence in Telehealth
By Rahul Varshneya 


 
The application of AI in telehealth to allow doctors to make real-time, data-driven rich choices is a key component in generating a better patient experience and improved health outcomes.
Share this:FacebookLinkedInTwitter 

 

Artificial intelligence (AI) has become a commonplace reality as technology advances. Healthcare is one sector that is quickly changing on a big scale. From the issuance of electronic healthcare cards to personal counseling, telehealth is among the newest sectors to use AI extensively. AI is one of the most significant factors shaping telehealth in the United States today.
The application of AI in telehealth to allow doctors to make real-time, data-driven rich choices is a key component in generating a better patient experience and improved health outcomes as practitioners move toward expanding virtual care alternatives throughout the care continuum.
According to an MIT research, 75% of healthcare facilities that used AI claimed it improved their capacity to cure diseases, and four in five said it helped them avoid job burnout. With COVID-19 placing a pressure on both sectors (amount of clinical data and related patients, as well as increased practitioner work), AI in telehealth is a strong option for the future of medical delivery. This article discusses how AI is transforming the telehealth landscape.
1. Providing a More Accurate Diagnosis
Telemedicine has made remote diagnosis feasible. Practitioners can now examine, identify and treat illnesses from afar. For example, in patients with diabetic retinopathy, it has helped to reduce visits. The L.A. County Department of Health Services found that telehealth monitoring for diabetic retinopathy decreased patient visits by approximately 14,000 visits.
With the inclusion of artificial intelligence (AI) to screening processes, the number of visits is anticipated to drop yet further. The algorithm will only need retinal pictures if an AI system is included into the screening procedure.
The AI system can examine the pictures and compare them to prior samples to estimate the severity of the disease with pinpoint accuracy. The application of AI in the screening procedure will save a significant amount of time and labor for both the physicians and the patients.
Another company is studying pictures of patients to build an AI system to identify the presence of uncommon genetic disorders. Patients with uncommon genetic diseases now need an average of seven visits to the doctor’s office before a proper diagnosis can be made. The number of visits may be lowered to zero using AI and telemedicine. Simply transmit a picture of the patient’s face to the clinician, and the AI system will evaluate it and accurately identify the condition.
Doctors and patients may anticipate diagnosis to become a more time and cost-effective procedure as a result of the simplicity of identification made possible by using AI in telemedicine.
2. Keeping Doctors From Burning Out
During lengthy work days, doctors are prone to becoming anxious. It may cause dissatisfaction and fatigue, as well as have an impact on work habits. Burnout is most often caused by extended contact with patients or spending a significant amount of time on technological gadgets.
Doctors engage with the EMR rather than the patients. Telehealth has already gone mainstream for doctors in overcoming burnout. When AI and telehealth are combined, the advantages are doubled. AI may help doctors spend less time on their computers.
AI may also assist in the detection of signs that may suggest burnout symptoms. It can even forecast how many patients a doctor would be able to visit before becoming exhausted.
3. Providing Elderly Patients with Better Medical Care
Mobile devices are often linked with telemedicine as well as there are many telemedicine applications developed with the objective of assisting users in managing their medical problems, fitness goals, doctor’s visits and insurance claims more efficiently.
Telehealth will, however, eventually incorporate assistive robots. These robots will play a significant role in delivering healthcare to residents, particularly the elderly. Smart robots can help individuals with activities like walking and moving about the home, delivering timely medicines, and notifying authorities in the event of an emergency.
The robots can move semi-autonomously and do the duties that have been assigned to them. The robots can comprehend the surroundings, the patient’s behavioral and movement patterns, and the house interior settings thanks to AI capabilities. As a result, it may learn to better assist the patient and act as their caregiver.
The Japanese government has already begun financing research into the creation of AI robots to help the elderly. These robots can help individuals move, bathe, dispose of their waste, and check their health in real time. These robots have the potential to lower healthcare delivery costs while performing at the same level of efficiency as people. They may even help patients enhance their quality of life by providing round-the-clock care to the elderly.
4. Patient-Monitoring Convenience
AI has opened up a world of possibilities for remotely monitoring a patient’s health and simulating face-to-face interactions among doctors and patients.
The use of artificial intelligence in telehealth settings is getting traction. Research on the effectiveness of AI in remote diabetes care was performed by the NextDREAM Consortium Group. The main result was that distant insulin adjustments using the trialed automated AI system may be as successful as expert physician dosage changes.
Physicians and specialists may adopt the AI-based automated service for decision assistance. The Center for Telehealth Innovation at the University of San Francisco is experimenting with AI that can interpret X-rays as an early warning sign for pneumothorax.
Data analysis and collaboration, patient monitoring remotely and intelligent diagnoses and support are the most common AI use cases in telehealth. The potential of AI may be used to assist doctors in diagnosing and treating patients, as well as to reduce professional burnout and improve the whole patient experience.
Due to the continuing public health issue, healthcare executives are increasingly focusing on AI and telehealth as a way to remain competitive by simplifying clinician processes and unleashing predictive potential via patient data analysis. This has been observed as a reduction in the physical need for in-person consultations this year as a result of the deployment of lockdown measures. AI has significantly aided in the monitoring of clients’ wellbeing in their homes.
5. Making Hospital Visits Easier
Although telemedicine promises to cut down on hospital visits, they are occasionally essential. In such situations, AI may assist in reducing patient wait times and ensuring that patients are seen as soon as possible. The AI technology keeps staff members informed about the inflow of patients visiting the hospital, high-priority cases, the need for extra beds, and other patient-care-related information. The hospital’s capacity to accept patients with complicated medical problems has improved by 60% as a consequence of the program.
Ambulance services have also improved their efficiency, with ambulances being sent an hour earlier. Thanks to AI and predictive analytics, patients in the emergency department are also assigned a bed up to 30% faster in some locations.
The importance of AI in telehealth will expand significantly as the area of telemedicine and telehealth develops with more acceptance. The use of artificial intelligence in telehealth may be very beneficial to medical practitioners. It will help reduce expenses, provide better healthcare to people, and improve the work environment by decreasing patient wait times, recommending the best treatment choices, and, most significantly, making healthcare accessible 24 hours a day, seven days a week.
Share this:FacebookLinkedInTwitter
Related Articles 


Software and Artificial Intelligence as a Medical DeviceThe UK MHRA has published “Software and Artificial Intelligence as a Medical Device.” The guidance document assembles previous guidances and regulatory requirements for SaMD and AIaMD devices seeking commercialization in the UK market.


AAMI and BSI Partner to Publish Guidance on Artificial IntelligenceAAMI and the British Standards Institute (BSI) have jointly published new guidance documents on performing risk management for machine learning or artificial intelligence incorporating medical devices.


Telehealth Among Seniors: Drivers for Remote CareA review of the top six reasons there has been a dramatic increase in the adoption of remote care among seniors.


Artificial Intelligence Boosts New Era of Postmarket IntelligenceEmbracing compliance is a continuous process, and investing in agile technologies that streamline workflows—especially in meeting EU MDR and IVDR requirements—is essential, says Lana Feng, Ph.D., CEO-founder of Huma.AI, a pioneer in a human-centered AI.

  

About The AuthorRahul VarshneyaCo-founder and PresidentArkeneaRahul Varshneya is the co-founder and president of Arkenea, a custom healthcare software development company. Varshneya has been featured as a technology thought leader across Bloomberg TV, Forbes, HuffPost, Inc, among others.
  
",,,,,,,,,,,,,,,,,,,,,,,,,,,
https://news.google.com/rss/articles/CBMibWh0dHBzOi8vd3d3Lmxhdy5rdWxldXZlbi5iZS9jaXRpcC9ibG9nL3RoZS1wcm9wb3NlZC1hcnRpZmljaWFsLWludGVsbGlnZW5jZS1hY3QtYW5kLWJpb21ldHJpYy1zeXN0ZW1zLXBhcnQtaS_SAQA?oc=5,The Proposed Artificial Intelligence Act and Biometric Systems: A Peek Into the Conceptual Maze (Part I) - KU Leuven,2021-10-26,KU Leuven,https://www.law.kuleuven.be,N/A,N/A,"On April 21st, 2021, the European Commission introduced its Proposal for an AI Act aiming to set out harmonized rules for the development, marketing, and use of Artificial Intelligence systems. Several AI systems processing biometric data are now scrutinized, including remote biometric identification, emotion recognition, and biometric categorization systems. The analysis proposed herein will focus […]",N/A,https://schema.org,,,,,N/A,N/A,"





The Proposed Artificial Intelligence Act and Biometric Systems: A Peek Into the Conceptual Maze (Part I)
BY 
                Lydia Belkadi              - 26 October 2021






On April 21st, 2021, the European Commission introduced its Proposal for an AI Act aiming to set out harmonized rules for the development, marketing, and use of Artificial Intelligence systems. Several AI systems processing biometric data are now scrutinized, including remote biometric identification, emotion recognition, and biometric categorization systems. The analysis proposed herein will focus on the definitions introduced by Article 3 read together with Articles 5 and 6 of the proposed AI Act and their consequences for the legal conceptualization of biometric information and systems. This blogpost will be divided into two parts. Part I will introduce key provisions of the proposed AI Act and the criticisms issued by the EDPB and the EDPS in their joint opinion. Part II will give a brief overview of the interaction between this new set of definitions and the concept of biometric data under data protection frameworks.
What is the Proposal for an AI Act?
On April, 21st 2021, the European Commission (‘EC’) introduced its Proposal for an AI Act aiming to set out harmonized rules for the development, marketing, and use of Artificial Intelligence systems (‘AI systems’). At the same time, the Proposal also aims to steer AI uptake to reach a high level of protection of public interests, including health, safety, and fundamental rights (Recital 5).
This Proposal is part of a broader strategy to foster a European approach to the development and implementation of AI systems, in line with European values. As detailed in the Proposal’s Impact Assessment, this piece of legislation builds upon the work of the Commission on the legal and ethical implications of Artificial Intelligence initiated in 2018. The Proposal addresses key issues identified by the Commission in its White Paper on AI published in February 2020 and implements the policy options set out in the initial impact assessment (i.e. a horizontal EU legislative instrument following a proportionate risk-based approach and codes of conduct for non-high-risk AI systems).
The European approach is firmly rooted in a risk-based approach, classifying AI systems depending on the risks they pose to individuals’ safety and fundamental rights from unacceptable to minimal risks. This pyramid of risks should allow identifying risky AI applications and subject them to more stringent safeguards. In particular, the Proposal introduces, among others, a new definitional framework (Article 3 and Annex I), a set of criteria to identify prohibited uses of AI systems (Article 5), and a list of high-risk AI systems (Article 6 and Annex III).
As a reminder, these provisions are likely to evolve during parliamentary debates. This Proposal will have to undergo the ordinary legislative procedure over the coming years. Both the European Parliament and the Council of the European Union will examine the Proposal and decide whether amendments are necessary. This process may be reiterated up to three times (i.e. three ‘readings’). Once adopted, this regulation will be directly applicable throughout the Union’s member states.
Which AI systems are under scrutiny?
Article 3 of the Proposal explicitly defines only four types of AI systems, three of which are systems processing biometric data. Besides the general definition of AI systems (Article 3(1)), the Proposal defines emotion recognition, biometric categorization, and remote biometric identification systems (Article 3(34) to (38)).
Emotion recognition systems are defined as AI systems ‘for the purpose of identifying or inferring emotions or intentions of natural persons on the basis of their biometric data’ (Article 3(34)). The Proposal classifies the use of polygraphs and similar tools or AI systems intended to detect the emotional state of a natural person as high-risk in the area of law enforcement and migration, asylum, and border control management (Annex III).
Biometric categorization systems are defined as AI systems ‘for the purpose of assigning natural persons to specific categories, such as sex, age, hair colour, eye colour, tattoos, ethnic origin or sexual or political orientation, on the basis of their biometric data’ (Article 3(35)). Under the current redaction, the risk category to which these systems are assigned remains unclear. Annex III seems to classify together ‘biometric identification and categorization of natural persons’, suggesting that these systems could be considered as high-risk. Furthermore, it remains unclear whether any of the other AI systems listed in this Annex could amount to a biometric categorization system or incorporate any type of biometric categorization processing (e.g. AI systems used for recruitment, assessing individuals’ risks, crime analytics, profiling, etc.).
Both emotion recognition and biometric categorization systems are subjected to specific transparency requirements (Article 52).
Remote biometric identification systems are defined as an AI systems ‘for the purpose of identifying natural persons at a distance through the comparison of a person’s biometric data with the biometric data contained in a reference database, and without prior knowledge of the user of the AI system whether the person will be present and can be identified’ (Article 3(36)).
The Proposal distinguishes ‘real-time’ and ‘post’ remote biometric identification. Real-time remote biometric identification systemsare defined as AI systems ‘whereby the capturing of biometric data, the comparison and the identification all occur without a significant delay’. This definition introduces an interesting mechanism to avoid circumvention, specifying that real-time remote biometric identification systems encompass both ‘instant identification’ and ‘limited short delays’ (Article 3(37)). Post remote biometric identification systems stand for any other type of remote identification system (Article 3(38)).
The Proposal only formally bans the use of ‘real-time’ remote biometric identification systems in publicly accessible spaces for the purpose of law enforcement (Article 5(d)). Despite this prohibition, Article 5 provides a broad range of exceptions, including the search of victims, the prevention of threats to the life or safety of individuals, or the identification of a perpetrator or suspect of a criminal offense. Any other use of real-time and post remote biometric identification systems is classified as high-risk (Article 6).
High-risk AI systems are subject to specific requirements regarding the quality of the data, technical documentation, transparency, human oversight, robustness, accuracy, and cybersecurity (Articles 8 to 15).
Collective impacts of AI systems processing biometric information
In their joint opinion on the Proposal, the EDPB and the EDPS (‘EDPB-EDPS’) are very critical of the assessment and the mitigation of societal and group risks under the current redaction of Article 3 read together with Articles 5 and 6. Without aiming to be exhaustive, several criticisms and recommendations issued by the EDPB-EDPS are particularly relevant to address biometric AI systems coherently.
Extension of the scope of the prohibition on the use of biometric AI systems in publicly accessible spaces
Both institutions request a general ban ‘on any use of AI for an automated recognition of human features in publicly accessible spaces – such as of face but also of gait, fingerprints, DNA, voice, keystrokes and other biometric or behavioural signals – in any context’ (emphases added).
The terminology used is interesting insofar as the institutions go beyond the proposed sectoral prohibition (i.e. law enforcement purposes) and the distinction between biometric identification and identity verification (i.e. ‘recognition of human features’). This approach is more in line with a risk assessment performed from a data protection perspective.
As pinpointed by the EDPB-EDPS, the distinction between ‘real-time’ and ‘post’ remote biometric identification could be criticized for several reasons. Indeed, it remains unclear whether time (‘without a significant delay’) is a relevant emphasis to characterize identification systems or a mitigating factor to the intrusiveness of remote identification practices (e.g. post remote biometric identification in the context of a political protest). Instead, the risks associated with biometric identification systems are typically analyzed in consideration of their technical architecture. Two elements should be emphasized: the constitution of centralized biometric databases and the necessity to capture and process the data of every person in a given space. In this context, the intrusiveness of the processing is less tied to the purpose of the processing than to the technical functioning of these systems. Thus, biometric identification practices necessarily affect individuals who have no reason to be observed.
Additionally, it remains largely unclear whether the focus on remote identification systems proposed by the EC is desirable. Recent evolutions have seen the emergence of remote (contactless) ‘authentication’ systems (i.e. identity verification) operating in real-time (e.g. remote iris, face, or palm authentication). For instance, palm recognition systems have been deployed in the US by Amazon to enable secure contactless payments in physical locations (e.g. retail stores). While the use of decentralized storage may constitute a factor of risk mitigation, biometric identity verification systems used in public spaces may rely on a centralized storage (e.g. cloud-based storage), particularly when the sensors used are accessible to the public or used without supervision. It should be underlined that identification and identity verification are not two separate types of systems, but rather two modes in which a biometric system may be set up, resulting in distinct types of technical architecture. Hence, new systems of contactless biometric identity verification may generate an increased risk of function creep.
Inclusion of online spaces within the definition of publicly accessible spaces
The EDPB-EDPS also argue that the prohibition should be extended to AI systems for large-scale remote identification in online spaces. Such an extended approach to publicly accessible spaces seems indeed necessary for consistency reasons. For instance, facial recognition systems have been deployed by Clearview AI to identify individuals online and retrieve their pictures on social media platforms. The exclusion of online spaces from the scope of ‘publicly accessible spaces’ does not seem to be based on any specific legal justification and directly contradicts the definition of AI systems established by the proposed Act. Indeed, Recital 6 of the Proposal provides that key functional characteristics of AI software lie in ‘the ability, for a given set of human-defined objectives, to generate outputs such as content, predictions, recommendations, or decisions which influence the environment with which the system interacts, be it in a physical or digital dimension’ (emphasis added). Against this background, the Proposal seems to insufficiently account for specific risks arising from the use of AI systems in the digital sphere.
Recommendations for a stricter approach to biometric categorization and emotion recognition systems
Finally, the EDPB-EDPS recommend a set of bans on the use of several technologies, including biometric categorization systems, AI systems whose scientific validity is not proven (e.g. polygraph), and emotion recognition systems except for certain well-specified use-cases. The institutions also recommend specific bans on AI systems used in a law enforcement context, including risk-scoring systems and profiling systems.
Concluding remarks
The joint opinion issued by the EDPB-EDPS highlights some incoherence in the concept-building performed by the EC. In particular, a strong emphasis is put on the collective impacts and risks of AI systems. This collective dimension of risks is relatively new and seems to stem from the conceptualization of systems, as opposed to the conceptualization of information or data. Nonetheless, the definitions which will be developed for the envisioned AI Act will necessarily interact with definitions and concepts established under technical and data protection vocabularies.
The first part of this blogpost mapped out the envisioned regulatory interventions targeting remote biometric identification, emotion recognition, and biometric categorization systems and the Opinion of the EDPB-EDPB. The second part of this blogpost will provide a brief overview of the foreseeable interactions between these new definitions and the definition of biometric data under data protection frameworks.
The author would like to thank Catherine Jasserand for her constructive and insightful feedback, and Pr. Els Kindt for her helpful suggestions in finalizing this blogpost. Pr. Els Kindt, Catherine Jasserand and Lydia Belkadi are members of the Biometric Law Lab – KU Leuven – CiTiP (BLL).
This article gives the views of the author(s), and does not represent the position of CiTiP, nor of the University of Leuven.

ABOUT THE AUTHOR — Lydia Belkadi                                                                                                                     
Lydia is a doctoral researcher and a Marie Sklodowska Curie fellow at CiTiP. Her research focuses on privacy-preserving biometric technologies and, more specifically, the use and regulation of new biometric data in IoT and more advanced robotic context.
View all posts by Lydia Belkadi



                                Tagged as: AI Act, biometric data, Biometrics 


Data protection & privacy





Share this post

Two clicks for more privacy: The Facebook Like button will be enabled once you click here. Activating the button already sends data to Facebook.nicht mit Facebook verbunden Two clicks for more privacy: The Tweet this button will be enabled once you click here. Activating the button already sends data to Twitter.nicht mit Twitter verbunden Two clicks for more privacy: The Google+ button will be enabled once you click here. Activating the button already sends data to Google.nicht mit Google+verbunden Two clicks for more privacy: The Google+ button will be enabled once you click here. Activating the button already sends data to LinkedIn.nicht mit LinkedIn verbunden 








",,,,,,,,,,,,,,,,,,,,,,,"[{'@type': 'Article', '@id': 'https://www.law.kuleuven.be/citip/blog/the-proposed-artificial-intelligence-act-and-biometric-systems-part-i/#article', 'isPartOf': {'@id': 'https://www.law.kuleuven.be/citip/blog/the-proposed-artificial-intelligence-act-and-biometric-systems-part-i/'}, 'author': [{'@id': 'https://www.law.kuleuven.be/citip/blog/#/schema/person/e808d46eaaa1ea3a2d780be4e5d8fabe'}], 'headline': 'The Proposed Artificial Intelligence Act and Biometric Systems: A Peek Into the Conceptual Maze (Part I)', 'datePublished': '2021-10-26T06:00:00+00:00', 'dateModified': '2022-01-20T07:15:30+00:00', 'mainEntityOfPage': {'@id': 'https://www.law.kuleuven.be/citip/blog/the-proposed-artificial-intelligence-act-and-biometric-systems-part-i/'}, 'wordCount': 1917, 'publisher': {'@id': 'https://www.law.kuleuven.be/citip/blog/#organization'}, 'image': {'@id': 'https://www.law.kuleuven.be/citip/blog/the-proposed-artificial-intelligence-act-and-biometric-systems-part-i/#primaryimage'}, 'thumbnailUrl': 'https://www.law.kuleuven.be/citip/blog/wp-content/uploads/2021/10/Lydia_05102021_A_peek_into_the_terminological_maze_FINAL.png', 'keywords': ['AI Act', 'biometric data', 'Biometrics'], 'articleSection': ['Data protection &amp; privacy'], 'inLanguage': 'en-US'}, {'@type': 'WebPage', '@id': 'https://www.law.kuleuven.be/citip/blog/the-proposed-artificial-intelligence-act-and-biometric-systems-part-i/', 'url': 'https://www.law.kuleuven.be/citip/blog/the-proposed-artificial-intelligence-act-and-biometric-systems-part-i/', 'name': 'The Proposed Artificial Intelligence Act and Biometric Systems: A Peek Into the Conceptual Maze (Part I) - CiTiP blog', 'isPartOf': {'@id': 'https://www.law.kuleuven.be/citip/blog/#website'}, 'primaryImageOfPage': {'@id': 'https://www.law.kuleuven.be/citip/blog/the-proposed-artificial-intelligence-act-and-biometric-systems-part-i/#primaryimage'}, 'image': {'@id': 'https://www.law.kuleuven.be/citip/blog/the-proposed-artificial-intelligence-act-and-biometric-systems-part-i/#primaryimage'}, 'thumbnailUrl': 'https://www.law.kuleuven.be/citip/blog/wp-content/uploads/2021/10/Lydia_05102021_A_peek_into_the_terminological_maze_FINAL.png', 'datePublished': '2021-10-26T06:00:00+00:00', 'dateModified': '2022-01-20T07:15:30+00:00', 'breadcrumb': {'@id': 'https://www.law.kuleuven.be/citip/blog/the-proposed-artificial-intelligence-act-and-biometric-systems-part-i/#breadcrumb'}, 'inLanguage': 'en-US', 'potentialAction': [{'@type': 'ReadAction', 'target': ['https://www.law.kuleuven.be/citip/blog/the-proposed-artificial-intelligence-act-and-biometric-systems-part-i/']}]}, {'@type': 'ImageObject', 'inLanguage': 'en-US', '@id': 'https://www.law.kuleuven.be/citip/blog/the-proposed-artificial-intelligence-act-and-biometric-systems-part-i/#primaryimage', 'url': 'https://www.law.kuleuven.be/citip/blog/wp-content/uploads/2021/10/Lydia_05102021_A_peek_into_the_terminological_maze_FINAL.png', 'contentUrl': 'https://www.law.kuleuven.be/citip/blog/wp-content/uploads/2021/10/Lydia_05102021_A_peek_into_the_terminological_maze_FINAL.png', 'width': 1280, 'height': 720}, {'@type': 'BreadcrumbList', '@id': 'https://www.law.kuleuven.be/citip/blog/the-proposed-artificial-intelligence-act-and-biometric-systems-part-i/#breadcrumb', 'itemListElement': [{'@type': 'ListItem', 'position': 1, 'name': 'Home', 'item': 'https://www.law.kuleuven.be/citip/blog/'}, {'@type': 'ListItem', 'position': 2, 'name': 'The Proposed Artificial Intelligence Act and Biometric Systems: A Peek Into the Conceptual Maze (Part I)'}]}, {'@type': 'WebSite', '@id': 'https://www.law.kuleuven.be/citip/blog/#website', 'url': 'https://www.law.kuleuven.be/citip/blog/', 'name': 'CITIP blog', 'description': '', 'publisher': {'@id': 'https://www.law.kuleuven.be/citip/blog/#organization'}, 'potentialAction': [{'@type': 'SearchAction', 'target': {'@type': 'EntryPoint', 'urlTemplate': 'https://www.law.kuleuven.be/citip/blog/?s={search_term_string}'}, 'query-input': 'required name=search_term_string'}], 'inLanguage': 'en-US'}, {'@type': 'Organization', '@id': 'https://www.law.kuleuven.be/citip/blog/#organization', 'name': 'CiTiP KU Leuven', 'url': 'https://www.law.kuleuven.be/citip/blog/', 'logo': {'@type': 'ImageObject', 'inLanguage': 'en-US', '@id': 'https://www.law.kuleuven.be/citip/blog/#/schema/logo/image/', 'url': 'https://www.law.kuleuven.be/citip/blog/wp-content/uploads/2019/01/citip.png', 'contentUrl': 'https://www.law.kuleuven.be/citip/blog/wp-content/uploads/2019/01/citip.png', 'width': 200, 'height': 76, 'caption': 'CiTiP KU Leuven'}, 'image': {'@id': 'https://www.law.kuleuven.be/citip/blog/#/schema/logo/image/'}, 'sameAs': ['https://x.com/citip_kuleuven']}, {'@type': 'Person', '@id': 'https://www.law.kuleuven.be/citip/blog/#/schema/person/e808d46eaaa1ea3a2d780be4e5d8fabe', 'name': 'Lydia Belkadi', 'image': {'@type': 'ImageObject', 'inLanguage': 'en-US', '@id': 'https://www.law.kuleuven.be/citip/blog/#/schema/person/image/fff03f38e33e21f66581888afd894d44', 'url': 'https://secure.gravatar.com/avatar/85461d90e8d2df29bdbdf48275741a44?s=96&d=mm&r=g', 'contentUrl': 'https://secure.gravatar.com/avatar/85461d90e8d2df29bdbdf48275741a44?s=96&d=mm&r=g', 'caption': 'Lydia Belkadi'}, 'description': 'Lydia is a doctoral researcher and a Marie Sklodowska Curie fellow at CiTiP. Her research focuses on privacy-preserving biometric technologies and, more specifically, the use and regulation of new biometric data in IoT and more advanced robotic context.', 'sameAs': ['https://www.law.kuleuven.be/citip/en/staff-members/staff/00139367'], 'url': 'https://www.law.kuleuven.be/citip/blog/author/u0139367/'}]",,,,
https://news.google.com/rss/articles/CBMiXGh0dHBzOi8vd3d3Lm1pbmluZy5jb20vd2hhdC1hdXRvbWF0aW9uLWFpLWFyLXJvYm90aWNzLW1lYW4tZm9yLXRoZS1mdXR1cmUtb2Ytd29yay1pbi1taW5pbmcv0gEA?oc=5,"What automation, AI, AR and robotics mean for the future of work in mining - MINING.COM - MINING.com",2021-10-24,MINING.com,https://www.mining.com,A new report by Wikistrat and idoba analyzes the impacts that technological developments and ESG issues are likely to have on workers in the mining industry.,N/A,A new report by Wikistrat and idoba analyzes the impacts that technological developments and ESG issues are likely to have on workers in the mining industry.  ,A new report by Wikistrat and idoba analyzes the impacts that technological developments and ESG issues are likely to have on workers in the mining industry.  ,https://schema.org,,,,,N/A,N/A,"



 


Wildfires erupt in Canada crude patch in threat to oil sands

One 7-acre fire is within about 6 miles of MEG Energy Corp.’s Christina Lake site, which produced almost 100,000 barrels a day in May. 

Bloomberg News | July 17, 2024 | 1:09 pm 
",,,,,,,,,,,,,,,,,,,,,,,"[{'@type': 'Organization', '@id': 'https://www.mining.com/#organization', 'name': 'MINING.COM', 'url': 'https://www.mining.com/', 'sameAs': ['https://www.facebook.com/miningdotcom/', 'https://ca.linkedin.com/company/mining.com-infomine-inc.-', 'https://twitter.com/mining'], 'logo': {'@type': 'ImageObject', '@id': 'https://www.mining.com/#logo', 'inLanguage': 'en-US', 'url': 'https://www.mining.com/wp-content/uploads/2020/02/mdc-site-logo.png', 'width': 318, 'height': 132, 'caption': 'MINING.COM'}, 'image': {'@id': 'https://www.mining.com/#logo'}}, {'@type': 'WebSite', '@id': 'https://www.mining.com/#website', 'url': 'https://www.mining.com/', 'name': 'MINING.COM', 'description': 'No 1 source of global mining news and opinion', 'publisher': {'@id': 'https://www.mining.com/#organization'}, 'potentialAction': [{'@type': 'SearchAction', 'target': 'https://www.mining.com/?s={search_term_string}', 'query-input': 'required name=search_term_string'}], 'inLanguage': 'en-US'}, {'@type': 'ImageObject', '@id': 'https://www.mining.com/what-automation-ai-ar-robotics-mean-for-the-future-of-work-in-mining/#primaryimage', 'inLanguage': 'en-US', 'url': 'https://www.mining.com/wp-content/uploads/2021/10/What-automation-AI-AR-robotics-mean-for-the-future-of-work-in-mining.jpeg', 'width': 900, 'height': 500, 'caption': ""Mark, Rio Tinto's remote operated vehicle in charge of conducting risky missions at the Bingham Canyon copper mine in Utah. (Reference image by Rio Tinto).""}, {'@type': 'WebPage', '@id': 'https://www.mining.com/what-automation-ai-ar-robotics-mean-for-the-future-of-work-in-mining/#webpage', 'url': 'https://www.mining.com/what-automation-ai-ar-robotics-mean-for-the-future-of-work-in-mining/', 'name': 'What automation, AI, AR and robotics mean for the future of work in mining - MINING.COM', 'isPartOf': {'@id': 'https://www.mining.com/#website'}, 'primaryImageOfPage': {'@id': 'https://www.mining.com/what-automation-ai-ar-robotics-mean-for-the-future-of-work-in-mining/#primaryimage'}, 'datePublished': '2021-10-24T19:38:46+00:00', 'dateModified': '2021-10-25T16:53:39+00:00', 'description': 'A new report by Wikistrat and idoba analyzes the impacts that technological developments and ESG issues are likely to have on workers in the mining industry.', 'breadcrumb': {'@id': 'https://www.mining.com/what-automation-ai-ar-robotics-mean-for-the-future-of-work-in-mining/#breadcrumb'}, 'inLanguage': 'en-US', 'potentialAction': [{'@type': 'ReadAction', 'target': ['https://www.mining.com/what-automation-ai-ar-robotics-mean-for-the-future-of-work-in-mining/']}]}, {'@type': 'BreadcrumbList', '@id': 'https://www.mining.com/what-automation-ai-ar-robotics-mean-for-the-future-of-work-in-mining/#breadcrumb', 'itemListElement': [{'@type': 'ListItem', 'position': 1, 'item': {'@type': 'WebPage', '@id': 'https://www.mining.com/', 'url': 'https://www.mining.com/', 'name': 'Home'}}, {'@type': 'ListItem', 'position': 2, 'item': {'@type': 'WebPage', '@id': 'https://www.mining.com/what-automation-ai-ar-robotics-mean-for-the-future-of-work-in-mining/', 'url': 'https://www.mining.com/what-automation-ai-ar-robotics-mean-for-the-future-of-work-in-mining/', 'name': 'What automation, AI, AR and robotics mean for the future of work in mining'}}]}, {'@type': 'NewsArticle', '@id': 'https://www.mining.com/what-automation-ai-ar-robotics-mean-for-the-future-of-work-in-mining/#article', 'isPartOf': {'@id': 'https://www.mining.com/what-automation-ai-ar-robotics-mean-for-the-future-of-work-in-mining/#webpage'}, 'author': {'@id': 'https://www.mining.com/#/schema/person/15e7d985ba723b45973b1b1a189ca338'}, 'headline': 'What automation, AI, AR and robotics mean for the future of work in mining', 'datePublished': '2021-10-24T19:38:46+00:00', 'dateModified': '2021-10-25T16:53:39+00:00', 'mainEntityOfPage': {'@id': 'https://www.mining.com/what-automation-ai-ar-robotics-mean-for-the-future-of-work-in-mining/#webpage'}, 'publisher': {'@id': 'https://www.mining.com/#organization'}, 'image': {'@id': 'https://www.mining.com/what-automation-ai-ar-robotics-mean-for-the-future-of-work-in-mining/#primaryimage'}, 'articleSection': 'Careers,Education,News,Suppliers & Equipment', 'inLanguage': 'en-US', 'potentialAction': [{'@type': 'CommentAction', 'name': 'Comment', 'target': ['https://www.mining.com/what-automation-ai-ar-robotics-mean-for-the-future-of-work-in-mining/#respond']}], 'copyrightYear': '2021', 'copyrightHolder': {'@id': 'https://www.mining.com#organization'}}, {'@type': 'Person', '@id': 'https://www.mining.com/#/schema/person/15e7d985ba723b45973b1b1a189ca338', 'name': 'Valentina Ruiz Leotaud', 'image': {'@type': 'ImageObject', '@id': 'https://www.mining.com/#personlogo', 'inLanguage': 'en-US', 'url': 'https://secure.gravatar.com/avatar/e5c363718ff98404f08ee7a2209511c6?s=96&d=mm&r=g', 'caption': 'Valentina Ruiz Leotaud'}, 'description': 'Valentina is a Venezuela-born multimedia and multi-platform journalist. She has +10 years of work experience covering local and international news for different media outlets and platforms. She has worked for the University of British Columbia, MINING.com, Observer Media Group, Next One Productions, Ven Al Cine [Paramount Pictures and Universal Pictures social media property in Venezuela], Union Radio, among others. She holds a Master’s Degree in Journalism from the University of British Columbia and was a fellow of the International Reporting Program. She is based in Vancouver.', 'sameAs': ['https://twitter.com/valenruizl']}]",,,,
https://news.google.com/rss/articles/CBMiUGh0dHBzOi8vd3d3Lndhc2hpbmd0b25wb3N0LmNvbS90ZWNobm9sb2d5LzIwMjEvMTAvMjYvdGhvbWFzLW1hbG9uZS1taXQtZmFxLXdvcmsv0gEA?oc=5,MIT professor Thomas Malone says the future of work is at home - The Washington Post,2021-10-26,The Washington Post,https://www.washingtonpost.com,"The author of a prescient book on the workplace tells The Post: « If companies make employees who can do their jobs at home go into the office it will be harder for them to hire, and other companies will benefit. »","work, covid, remote, Zoom, technology, Facebook, offices, MIT","The author of a prescient book on the workplace tells The Post: ""If companies make employees who can do their jobs at home go into the office it will be harder for them to hire, and other companies will benefit.""","The author of a prescient book on the workplace tells The Post: ""If companies make employees who can do their jobs at home go into the office it will be harder for them to hire, and other companies will benefit.""",https://schema.org,BreadcrumbList,,,,Artificial Intelligence,N/A,"Thomas Malone, professor at MIT and director of MIT's Center for Collective Intelligence. Malone believes the traditional corporate office is a doomed invention. (Jason Grow)By  Steven ZeitchikOctober 26, 2021 at 8:00 a.m. EDTThomas Malone knows a thing or two about the future of work — he literally wrote the book about it. That was back in 2004, of course, when times were different and corona was just a questionable beer. But the tome — “The Future of Work: How the New Order of Business Will Shape Your Organization, Your Management Style and Your Life” — was plenty prescient, describing a decentralized work world enabled by sharper digital communication.Share118 CommentsNewsletterAs news breaksTech News AlertsBreaking news email alerts on technology and the tech industry.Sign upSubscribe to comment and get the full experience. Choose your plan →","[{'@context': 'https://schema.org', '@type': 'ListItem', 'name': 'Technology', 'position': 1, 'item': 'https://www.washingtonpost.com/technology/'}, {'@context': 'https://schema.org', '@type': 'ListItem', 'name': 'Artificial Intelligence', 'position': 2, 'item': 'https://www.washingtonpost.com/technology/innovations/'}]",MIT expert on work says any boss who thinks employees will return to offices is dreaming,"[{'@context': 'https://schema.org', '@type': 'ImageObject', 'url': 'https://www.washingtonpost.com/wp-apps/imrs.php?src=https://arc-anglerfish-washpost-prod-washpost.s3.amazonaws.com/public/KRKJPW2KB5GDJPKDTMK3VLHWVU.jpg&w=1600&h=900', 'height': 900, 'width': 1600}, {'@context': 'https://schema.org', '@type': 'ImageObject', 'url': 'https://www.washingtonpost.com/wp-apps/imrs.php?src=https://arc-anglerfish-washpost-prod-washpost.s3.amazonaws.com/public/KRKJPW2KB5GDJPKDTMK3VLHWVU.jpg&w=1800&h=1800', 'height': 1800, 'width': 1800}, {'@context': 'https://schema.org', '@type': 'ImageObject', 'url': 'https://www.washingtonpost.com/wp-apps/imrs.php?src=https://arc-anglerfish-washpost-prod-washpost.s3.amazonaws.com/public/KRKJPW2KB5GDJPKDTMK3VLHWVU.jpg&w=800&h=600', 'height': 800, 'width': 600}]","{'@type': 'Person', 'name': 'Steven Zeitchik', 'url': 'https://www.washingtonpost.com/people/steven-zeitchik/'}","{'@id': 'washingtonpost.com', '@type': 'NewsMediaOrganization', 'logo': {'@type': 'ImageObject', 'url': 'https://www.washingtonpost.com/wp-stat/img/wplogo_344x60_blk.png', 'width': {'@type': 'Distance', 'name': '344 px'}, 'height': {'@type': 'Distance', 'name': '60 px'}}, 'name': 'The Washington Post'}",2021-10-26T12:00:42.528Z,2021-10-29T03:51:55.419Z,"{'@type': ['CreativeWork', 'Product'], 'name': 'The Washington Post', 'productID': 'washingtonpost.com:basic', 'description': 'Breaking news and analysis on politics, business, world, national news, entertainment and more. In-depth DC, Virginia, Maryland news coverage including traffic, weather, crime, education, restaurant reviews and more.', 'sku': 'https://subscribe.washingtonpost.com', 'image': 'https://www.washingtonpost.com/resizer/2CjPNwqvXHPS_2RpuRTKY-p3eVo=/1484x0/www.washingtonpost.com/pb/resources/img/twp-social-share.png', 'brand': {'@type': 'brand', 'name': 'The Washington Post'}, 'offers': {'@type': 'offer', 'url': 'https://subscribe.washingtonpost.com/acquisition?promo=o26'}}",https://www.washingtonpost.com/technology/2021/10/26/thomas-malone-mit-faq-work/,,False,,,"{'@type': 'WebPageElement', 'cssSelector': '.meteredContent', 'isAccessibleForFree': False}",,,,,,,,,,,,,MIT professor Thomas Malone says the future of work is at home
https://news.google.com/rss/articles/CBMiZmh0dHBzOi8vd3d3LnBhc3Npb25hdGVpbm1hcmtldGluZy5jb20vaG93LWFydGlmaWNpYWwtaW50ZWxsaWdlbmNlLWhlbHBzLXRvLXByZWRpY3QtaW4tZ2VuZS1leHByZXNzaW9uL9IBAA?oc=5,How artificial intelligence helps to predict in gene expression - Passionate In Marketing,2021-10-22,Passionate In Marketing,https://www.passionateinmarketing.com,N/A,N/A,N/A,N/A,https://schema.org,BreadcrumbList,,,,N/A,N/A,"

ArticlesGadgets and TechnologyLatest from Marketing WorldMarketing AnalyticsMarketing Research

How artificial intelligence helps to predict in gene expression

By Author -   October 22, 2021 0 1558 




FacebookTwitterPinterestWhatsApp










During the existence of the Human Genome Project in connection with the planning of the DNA sequence of the human genome, the international research community was energized by the opportunity to understand most of the genetic predispositions that affect human well-being and progress. 
The approximately 20,000 sections of DNA in the human body known as properties contain directions about the amino acid sequence of proteins, which carry the various basic capabilities of our cells. However, these traits are present in less than 2% of the genome. 
The remaining base sets — representing 98% of the 3 billion “letters” in the genome – are designated as “non-coding” and contain precise knowledge guidelines for when and where qualities should be created and communicated in the human body.
Previous work on gene expression has consistently used systematic neural networks as essential structural blocks, however, their limitations in demonstrating the impact of remote improvements on quality differentiation have hampered their accuracy and application. 
Our basic research relied on Basanji 2, which could predict administrative movement from the generally elongated DNA configuration of 40,000 basic pairs. Inspired by this work, we saw the need for regulatory DNA components to influence expression at more noticeable distances, and the need for a major architectural change to capture longer groupings.
Coordinated with natural intuition, we found that the focus was on model enhancers, regardless of whether more than 50,000 basic matches were found from the quality. We anticipate that Enformer’s commitment scores will clearly grow existing strategies for this project (using trial information as information), anticipating which traits will cause significant confusion in genetics. Enformer found more about the insulators that separate the two autonomous districts of DNA.
Although it is currently conceivable to focus entirely on the DNA of an organism, understanding the genome requires complex investigations. Despite a gigantic experimental effort, much of the DNA control over gene expression remains a mystery. 
With AI, we can explore additional opportunities to discover designs in the genome and provide robotic relationships about sequential changes. Like a spell checker, the enformer understands the vocabulary of the DNA sequence to some extent, and can modify the features that trigger the gene expression that changes in this way.
We are far from solving the unspoken riddles that exist in the human genome, yet Enformer is a stage in understanding the complexity of genetic inheritance. 
If you are interested in using AI to explore how critical cell measurements work, how they are encoded in DNA sequence, and how we can add new frameworks to advancing genetics and our understanding of infection.
Follow and connect with us on Facebook, LinkedIn & Twitter







 

 TAGSaiartificial intelligenceDNAHelix DNApredictive analyticstechnology 
FacebookTwitterPinterestWhatsApp

 Previous articleJust Dial witnesses 82% rise in searches for COVID vaccination centersNext articleSolana: The fastest-growing cryptocurrency Author  
","[{'@type': 'ListItem', 'position': 1, 'item': {'@type': 'WebSite', '@id': 'https://www.passionateinmarketing.com/', 'name': 'Home'}}, {'@type': 'ListItem', 'position': 2, 'item': {'@type': 'WebPage', '@id': 'https://www.passionateinmarketing.com/category/articles/', 'name': 'Articles'}}, {'@type': 'ListItem', 'position': 3, 'item': {'@type': 'WebPage', '@id': 'https://www.passionateinmarketing.com/how-artificial-intelligence-helps-to-predict-in-gene-expression/', 'name': 'How artificial intelligence helps to predict in gene expression'}}]",,,,,,,,,,,,,,,,,,,,,,,,,,
