URL link,Title,Date,Source,Source Link,description,keywords,og:description,twitter:description,article:section,article:summary,article text,dateCreated,datePublished,dateModified,@context,@type,mainEntityOfPage,headline,url,publisher,author,image,isAccessibleForFree,hasPart,articleSection,itemListElement,@graph
https://news.google.com/rss/articles/CBMigAFodHRwczovL3RyYXZhaWwtZW1wbG9pLmdvdXYuZnIvc2FudGUtYXUtdHJhdmFpbC9hcnRpY2xlL3Npc2VyaS1sYXVyZWF0LWR1LWZvbmRzLXBvdXItbGEtdHJhbnNmb3JtYXRpb24tZGUtbC1hY3Rpb24tcHVibGlxdWUtZnRhcNIBAA?oc=5,"Siseri, laur√©at du fonds pour la transformation de l'action publique (FTAP) - Minist√®re du travail, de la sant√© et des ... - Minist√®re du Travail",2020-07-08,Minist√®re du Travail,https://travail-emploi.gouv.fr,"Le projet de d√©veloppement d'un portail national du minist√®re du Travail, de l'Emploi et de l'Insertion relatif √† la surveillance de l'exposition (‚Ä¶)",N/A,"Le projet de d√©veloppement d'un portail national du minist√®re du Travail, de l'Emploi et de l'Insertion relatif √† la surveillance de l'exposition des travailleurs aux rayonnements ionisants a √©t√©‚Ä¶","Le projet de d√©veloppement d'un portail national du minist√®re du Travail, de l'Emploi et de l'Insertion relatif √† la surveillance de l'exposition des travailleurs aux rayonnements ionisants a √©t√©‚Ä¶",N/A,N/A,N/A,,,,,,,,,,,,,,,,
https://news.google.com/rss/articles/CBMia2h0dHBzOi8vd3d3LmFjdHUtZW52aXJvbm5lbWVudC5jb20vYWUvbmV3cy9pbnRlbGxpZ2VuY2UtYXJ0aWZpY2llbGxlLXRyaS1kZWNoZXRzLXRvbXJhLXBlbGxlbmNTVC0zNTc5My5waHA00gEA?oc=5,L'intelligence artificielle investit le tri des d√©chets - Actu-Environnement.com,2020-07-07,Actu-Environnement.com,https://www.actu-environnement.com,"Trois utilisations de l'intelligence artificielle vont faire leur entr√©e dans les √©quipements de tri. √Ä la cl√©, une am√©lioration de la qualit√© et une disponibilit√© accrue des √©quipements.","environnement, d√©veloppement durable, actualit√©, actualite, news, newsletter, agenda, information, presse, actu, article, √©cologie, ecologie, pollution, recyclage, eau, sol, air, risque, d√©chet, dechet, √©nergie, energie, √©nergies renouvelables, √©olien, eolien, biomasse, photovoltaique, solaire, HSE, QSE, hygi√®ne, propret√©, webzine, e-zine","Trois utilisations de l'intelligence artificielle vont faire leur entr√©e dans les √©quipements de tri. √Ä la cl√©, une am√©lioration de la qualit√© et une disponibilit√© accrue des √©quipements.","Trois utilisations de l'intelligence artificielle vont faire leur entr√©e dans les √©quipements de tri. √Ä la cl√©, une am√©lioration de la qualit√© et une disponibilit√© accrue des √©quipements.",N/A,N/A,"



Pr√©f√©rences Cookies
							Nous utilisons des cookies sur notre site. Certains sont essentiels, d'autres nous aident √† am√©liorer le service rendu.
						


								Poursuivre
								avec tous nos cookies


								Restreindre
								aux cookies essentiels



En savoir plus ¬†‚Ä∫

								Les cookies ""essentiels"" sont indispensables au bon fonctionnement du site.
								Ils vous permettent d'acc√©der √† toutes les rubriques, y compris celles n√©cessitant de s'identifier.
								Ils donnent aussi des donn√©es g√©n√©rales d'audience et ne peuvent √™tre d√©sactiv√©s.
								
								Les autres cookies, dits analytiques, ont pour objectif une meilleure compr√©hension des habitudes des lecteurs.
								Ils nous aident √† mieux conna√Ætre vos attentes afin de vous proposer des services toujours plus pertinents.
							


",,,,,,,,,,,,,,,,
https://news.google.com/rss/articles/CBMibmh0dHBzOi8vd3d3LmRhZi1tYWcuZnIvVGhlbWF0aXF1ZS9yaC0xMjQ1L0JyZXZlcy9pbnRlbGxpZ2VuY2UtYXJ0aWZpY2llbGxlLXNlcnZpY2UtZ2VzdGlvbi1jYXJyaWVyZS0zNTA4MDQuaHRt0gEA?oc=5,L'intelligence artificielle au service de la gestion de la carri√®re - Daf-Mag.fr,2020-07-07,Daf-Mag.fr,https://www.daf-mag.fr,,N/A,L'adoption de l'Intelligence Artificielle par la fonction RH est prometteuse √† bien des titres.,L'adoption de l'Intelligence Artificielle par la fonction RH est prometteuse √† bien des titres.,N/A,N/A,"




Accueil / RH / Carri√®re & Talents
L'intelligence artificielle au service de la gestion de la carri√®re

L'adoption de l'Intelligence Artificielle par la fonction RH est prometteuse √† bien des titres. Cela est particuli√®rement vrai s'agissant de la gestion de la carri√®re des collaborateurs et de celle, d√©licate, des emplois et comp√©tences (GPEC). Tour d'horizon du potentiel de l'IA en la mati√®re.

                    Publi√© par Paul Levent, consultant mc2i

                     le 7 juil. 2020 - mis √† jour √† 00:00


Lecture3 min











Imprimer













¬© fotohansel - stock.adobe.com





Pub
 


Comment l'intelligence artificielle vient interagir de fa√ßon plus pr√©gnante dans les carri√®res? Une des valeurs ajout√©es de l'IA est la capacit√© √† traiter et structurer efficacement une information en se nourrissant de jeux de donn√©es dont un algorithme d√©duira des "" mod√®les "". Dans le cas pr√©cis de la GPEC, l'intelligence artificielle peut s'appuyer sur une quantit√© vari√©e de sources d'information et de donn√©es complexes et √©volutives pour sugg√©rer des mobilit√©s internes qui prennent en compte les singularit√©s du profil du collaborateur en s'inspirant de trajectoires similaires ou approchantes (matching). La promesse d'une gestion des talents personnalis√©e, attentive aux aspirations de chacun.Une sensibilit√© pour d√©tecter les signaux faiblesL'intelligence artificielle est √©galement en capacit√© d'interpr√©ter les "" signaux faibles "" pour compl√©ter la connaissance des gestionnaires RH du ressenti d'un collaborateur sur sa situation professionnelle. Ainsi, l'IA pourra d√©duire de l'√©volution d'indicateurs de bien-√™tre (motivation au travail, int√©gration dans l'entreprise, alignement des aspirations professionnelles avec les objectifs de l'entreprise...) un "" sentiment "" et sugg√©rer le d√©clenchement d'un entretien avec le management pour, par exemple, anticiper ou √©viter le d√©part d'un collaborateur.


 



L'int√©gration de l'intelligence artificielle dans les SIRH est souvent envisag√©e de pair avec le d√©ploiement d'outils facilitant l'acc√®s des collaborateurs √† l'information RH. C'est le cas des chatbots qui permettent de r√©pondre √† des sollicitations de plus en plus complexes. Leur accessibilit√© grandissante en facilite l'utilisation, sur mobile par exemple, et ouvre la voie √† l'adoption de nouveaux outils pour la suggestion de parcours de formation, l'accompagnement du collaborateur dans la r√©solution d'un conflit... Autant d'arguments d'empowerment qui concourront √† faire du collaborateur un authentique acteur de sa carri√®re dans l'entreprise.Lire aussi : Entretien de recrutement : une mauvaise pratique ?Ce que l'intelligence artificielle signifie pour l'√©volution de la GRHBien que disruptive, l'IA ne peut remplacer tout √† fait l'activit√© humaine dans chaque √©tape de la gestion de la carri√®re du collaborateur. Les parcours propos√©s par l'IA comme possibles trajectoires professionnelles restent de simples mod√®les. Les gestionnaires RH devront toujours s'assurer que les aspirations des salari√©s sont coh√©rentes avec les objectifs de l'entreprise. La place de l'empathie et l'importance pour le collaborateur de pouvoir se reconna√Ætre dans son management, sont deux param√®tres essentiels pour la fid√©lisation des √©quipes, qui ne peuvent √™tre n√©glig√©s au profit d'une seule estimation "" froide "" appuy√©e par la donn√©e.


 



L'int√©gration de l'IA dans les SIRH doit donc s'accompagner de changements organisationnels qui, sans tout √† fait r√©volutionner la mani√®re dont on envisage la gestion des talents en entreprise, devront sacraliser la place du management dans la carri√®re du collaborateur et faire de la "" machine "" un auxiliaire de l'humain avant tout.

Lire aussi : Intelligence artificielle¬†: des opportunit√©s... et des risques

Ainsi, l'Intelligence Artificielle pourra sous-tendre le d√©veloppement d'un management plus transversal, qui place le collaborateur dans le futur de l'entreprise en valorisant ses comp√©tences et en accompagnant ses d√©cisions de carri√®re √©clair√©es par les nouvelles technologies. Une opportunit√© suppl√©mentaire pour la fonction RH de s'affirmer en tant que moteur d'innovation dans l'entreprise.Pour en savoir plusPaul Levent, Consultant mc2i. Il accompagne de grandes entreprises dans la r√©alisation de leurs projets innovants et intervient actuellement chez un acteur de la fonction publique d'Etat.    






                                                    Publi√© par : Paul Levent, consultant mc2i






Tags associ√©s :

#RECRUTEMENT#INTELLIGENCE ARTIFICIELLE







Sur le m√™me th√®me
Voir tous les articles RH
















                                        L'essor du DAF √† temps partiel¬†: un nouveau pivot strat√©gique  [...]
                                    




                                        Par
                                        Neila Choukri
le 28 mai 2024











                                        Experts-comptables¬†: l'appel d'air de la Daf externalis√©e
                                    




                                        Par
                                        Yannick Nodin
le 27 mai 2024









                                        DAF¬†: demain, tous directeurs des valeurs¬†?
                                    




                                        Par
                                        Audrey Fr√©el
le 22 mai 2024









                                        Seulement 29¬†% des managers de transition sont des femmes
                                    




                                        Par
                                        La r√©daction
le 14 mai 2024









                                        Direction financi√®re¬†: peut-on √™tre trop jeune pour acc√©der √†  [...]
                                    




                                        Par
                                        Audrey Fr√©el
le 29 avr. 2024





Th√©matiques associ√©es¬†:


 RH 


 Carri√®re & Talents 


 Motivation & Engagement 


 Management & Recrutement 


 Transformation des organisations 




HA Propossponsoris√©HA Propos : ""Nous allons baisser √† tr√®s court terme 50‚Ä¶00:0000:0000:0000:00HA Propos : ""Nous allons baisser √† tr√®s court terme 50‚Ä¶09:06HA Propos : Le TCO, notion incontournable du smart buy‚Ä¶03:31Valdelia : Ne jetez plus vos mobiliers pros, des solut‚Ä¶09:05HA Propos : ""Quand on ach√®te 40 √† 80% de son CA, les a‚Ä¶07:52HA Propos : Cov√©a, ses priorit√©s, sa vision du m√©tier‚Ä¶06:11Ha Propos : De l'art d'innover, de comprendre et de di‚Ä¶08:51HA Propos : Attentes et priorit√©s des d√©partements ach‚Ä¶10:23HA Propos : ""La communaut√© achats a √©t√© pouss√©e √† pren‚Ä¶19:28HA Propos : La commande publique √† l'aune de la Soci√©t‚Ä¶14:42HA Propos : Thibaut Massiet du Biest, sa vision des ac‚Ä¶05:43S‚ÄôabonnerEdisoundFlux RSSSpotifyDeezerAmazon MusicApple PodcastsPartager l'√©pisodeFacebookXLinkedInLien de l'√©pisodeCopi√© !






 






Recevez la newsletter de la r√©daction















                Abonnez-vous √† Daf Magazine !
            

Recevez le magazine chez vous ou sur votre lieu de travail et acc√©dez √† la version num√©rique √† tout moment¬†!







√† partir de
7,30‚Ç¨
par mois
pour 2 ans d'abonnement

J'en profite









 




",2020-07-07T00:00:00,2020-07-07T00:00:18,2020-07-07T00:00:18,https://schema.org,BreadcrumbList,"{'@type': 'WebPage', '@id': 'https://www.daf-mag.fr/Thematique/rh-1245/Breves/intelligence-artificielle-service-gestion-carriere-350804.htm'}",L'intelligence artificielle au service de la gestion de la carri√®re - Carri√®re & Talents > RH - Daf-Mag.fr,https://www.daf-mag.fr/Thematique/rh-1245/Breves/intelligence-artificielle-service-gestion-carriere-350804.htm,"{'@type': 'Organization', 'name': 'Daf-mag.fr', 'logo': {'@type': 'ImageObject', 'url': 'https://www.daf-mag.fr/Assets/include/images/header2021/logo-daf-black.png'}}","{'@type': 'Person', 'name': 'Paul Levent, consultant mc2i'}","{'@type': 'ImageObject', 'url': 'https://www.daf-mag.fr/Assets/Img/BREVE/2020/7/350804/intelligence-artificielle-service-gestion-carriere-LE.jpg'}",false,"{'@type': 'WebPageElement', 'isAccessibleForFree': 'false', 'cssSelector': 'qiota_paywall'}",Carri√®re & Talents,"[{'@type': 'ListItem', 'position': 1, 'name': 'Accueil', 'item': 'https://www.daf-mag.fr/'}, {'@type': 'ListItem', 'position': 2, 'name': 'RH', 'item': 'https://www.daf-mag.fr/thematique/rh-1245'}, {'@type': 'ListItem', 'position': 3, 'name': 'Carri√®re & Talents', 'item': 'https://www.daf-mag.fr/thematique/rh-1245/carriere-talents-2127/1'}]",
https://news.google.com/rss/articles/CBMiXWh0dHBzOi8vdm9uZ3VydS5mci8yMDIwLzA3LzA4L2xlcy0zLWRvbWFpbmVzLXF1ZS1saW50ZWxsaWdlbmNlLWFydGlmaWNpZWxsZS12YS1yZXZvbHV0aW9ubmVyL9IBXWh0dHBzOi8vdm9uZ3VydS5mci8yMDIwLzA3LzA4L2xlcy0zLWRvbWFpbmVzLXF1ZS1saW50ZWxsaWdlbmNlLWFydGlmaWNpZWxsZS12YS1yZXZvbHV0aW9ubmVyLw?oc=5,Les 3 domaines que l‚Äôintelligence artificielle va r√©volutionner - Vonguru.fr,2020-07-08,Vonguru.fr,https://vonguru.fr,Trois domaines sont vou√©s √† √™tre compl√®tement boulevers√©s gr√¢ce aux avanc√©es dans les technologies de l‚Äôintelligence artificielle.,N/A,"L‚ÄôIntelligence Artificielle (IA) est de plus en plus pr√©sente dans nos vies. Que ce soit √† travers un mail class√© automatiquement parmi les spams, ou dans ","L‚ÄôIntelligence Artificielle (IA) est de plus en plus pr√©sente dans nos vies. Que ce soit √† travers un mail class√© automatiquement parmi les spams, ou dans ",N/A,N/A,"

Accueil  Business  Les 3 domaines que l‚Äôintelligence artificielle va r√©volutionner



Business Les 3 domaines que l‚Äôintelligence artificielle va r√©volutionner

Par Druide -   08/07/2020 0 









FacebookTwitterPinterestWhatsAppLinkedin



L‚ÄôIntelligence Artificielle (IA) est de plus en plus pr√©sente dans nos vies. Que ce soit √† travers un mail class√© automatiquement parmi les spams, ou dans le calcul d‚Äôun itin√©raire sur GPS, l‚ÄôIA est d√©j√† indispensable dans plusieurs domaines de notre quotidien. Aujourd‚Äôhui, de nombreuses industries investissent dans le d√©veloppement de cette technologie d‚Äôavenir qui s‚Äôappr√™te √† r√©volutionner et faciliter plusieurs de leurs usages.

L‚Äôintelligence artificielle en vid√©ographie #AFP pic.twitter.com/tXnFp5h9ih
‚Äî Agence France-Presse (@afpfr) February 25, 2018

Le journalisme d‚Äôinvestigation
Gr√¢ce √† l‚Äôintelligence artificielle, les ¬´ fake news ¬ª n‚Äôauront plus leur place dans le fil d‚Äôactualit√© de demain. En effet, des agences de presse comme Reuters ou l‚ÄôAFP (Agence France Presse) utilisent d√©j√† des syst√®mes d‚ÄôIA qui d√©tectent les fausses vid√©os et montages photos. De leur c√¥t√©, Google et Microsoft d√©veloppent des programmes de machine learning permettant de v√©rifier automatiquement les fausses informations dans les articles qui circulent sur internet. Une tendance que les r√©seaux sociaux Twitter et Facebook ont aussi adopt√©e.
L‚ÄôIntelligence Artificielle joue √©galement un r√¥le majeur dans le traitement et la r√©colte de grandes quantit√©s de chiffres ou d‚Äôinformations. Par exemple, chez Bloomberg News (√©conomie), des algorithmes permettent d√©j√† d‚Äôalerter les journalistes √† la moindre variation ou anomalie dans la grande quantit√© de donn√©es r√©colt√©es (big data).
C‚Äôest donc en ce sens que l‚ÄôIntelligence Artificielle s‚Äôav√©rera √™tre un soutien √©norme aux journalistes qui b√©n√©ficieront d‚Äôun gain de temps qu‚Äôils pourront ainsi consacrer √† des t√¢ches plus complexes, rendant¬†l‚Äôinformation plus riche et int√©ressante pour les consommateurs.
Le monde des jeux et du divertissement
L‚Äôune des utilit√©s de l‚ÄôIA est de permettre de r√©colter des informations afin d‚Äôanalyser les comportements des utilisateurs et d√©finir la meilleure exp√©rience possible pour eux. C‚Äôest cet aspect qui a s√©duit les casinos en ligne, par exemple. Les exp√©riences y sont de plus en plus √† l‚Äôimage des visiteurs du site et adapt√©es √† leurs envies. Certains¬†proposent des parties de roulette personnalis√©es¬†selon les autres jeux appr√©ci√©s d‚Äôun utilisateur. Cela permet au joueur d‚Äôacc√©der plus vite et facilement au type de variante qu‚Äôil est cens√© pr√©f√©rer, sans passer des heures √† la rechercher.
Dans les jeux vid√©o, l‚ÄôIA est d√©j√† pr√©sente dans les personnages ou programmes autonomes avec lesquels les joueurs peuvent interagir. Tout est parti de l‚Äôimage marquante du syst√®me DeepBlue d‚ÄôIBM qui avait battu le champion d‚Äô√©chec Garry Kasparov en 1997. Depuis, les d√©veloppeurs se basent sur cette r√©ussite pour cr√©er des programmes sophistiqu√©s qui rendraient leurs jeux plus stimulants, r√©alistes et passionnants par le biais de r√©ponses mieux adapt√©es aux attitudes des joueurs ou qui √©voluent avec le temps. C‚Äôest l‚Äôun des objectifs actuels du laboratoire DeepMind de Google.

¬†
Le domaine m√©dical¬†
Enfin, les soins de sant√© auront beaucoup √† gagner des avanc√©es dans l‚ÄôIA. Par exemple, des logiciels permettront de pr√©dire √† l‚Äôavance le comportement d‚Äôun virus ou d‚Äôune maladie dans le corps d‚Äôun patient pour anticiper le traitement √† suivre. Ce proc√©d√© est d‚Äôailleurs d√©j√† test√© √† l‚Äôh√¥pital Mount Sinai de New York : des algorithmes d‚ÄôIA ont analys√© des quantit√©s astronomiques de recherches et d‚Äôessais cliniques pour parvenir aujourd‚Äôhui √† pr√©dire, avec une pr√©cision de 94%, les chances de d√©veloppement d‚Äôun cancer du foie ou de la prostate chez plusieurs patients. De m√™me, en Allemagne, le groupe Simens Healthineers travaille sur un robot assistant pour les radiologues, capable de lire et analyser une image m√©dicale afin de leur apporter un soutien ou second avis pour leurs diagnostics.
Autre cas d‚Äôutilisation, Huawei travaille sur l‚Äôam√©lioration de son application ¬´ Facing Emotions ¬ª. Utilisant l‚ÄôIntelligence Artificielle, elle permet de lire les √©motions sur les visages afin d‚Äôaider les personnes malvoyantes √† mieux interagir avec leurs interlocuteurs. Toutes ces avanc√©es sont donc vou√©es √† faciliter le travail des m√©decins, et am√©liorer le niveau de vie des personnes atteintes de maladies ou de handicaps.
Malgr√© les nombreux d√©bats qui entourent l‚Äôintelligence artificielle et les dangers d‚Äôune mauvaise ou sur-utilisation, il est aujourd‚Äôhui ind√©niable que l‚ÄôIA apportera rapidement des solutions inesp√©r√©es que plusieurs domaines attendaient.


 



FacebookTwitterPinterestWhatsAppLinkedin

 Druide  
ARTICLES CONNEXESPLUS DE L'AUTEUR




 

5 jeux de crypto les plus populaires 

 



 

Du nouveau pour Tales of the Shire 

 



 

Les premiers retours du nouveau robot tondeuse sans fil Dreame A1 

 



 

Qu‚Äôest-ce qui fait un bon escape game ? 

 



 

Rive2Geek 2024 : le rdv √† ne pas manquer pour les amateurs de culture num√©rique 

  






Se connecter
Bienvenue ! Connectez-vous √† votre compte :


votre nom d'utilisateur
votre mot de passe


Mot de passe oubli√©? obtenir de l'aide
Cr√©er un compte
Politique de confidentialit√©


Cr√©er un compte
Bienvenue! s'inscrire pour un compte


votre email
votre nom d'utilisateur


Un mot de passe vous sera envoy√© par email.
Politique de confidentialit√©


R√©cup√©ration de mot de passe
R√©cup√©rer votre mot de passe


votre email


Un mot de passe vous sera envoy√© par email.




LAISSER UN COMMENTAIRE Annuler la r√©ponseConnecter pour laisser un commentaire  
 


 
 
",,,,https://schema.org,BreadcrumbList,,,,,,,,,,"[{'@type': 'ListItem', 'position': 1, 'item': {'@type': 'WebSite', '@id': 'https://vonguru.fr/', 'name': 'Accueil'}}, {'@type': 'ListItem', 'position': 2, 'item': {'@type': 'WebPage', '@id': 'https://vonguru.fr/business/', 'name': 'Business'}}, {'@type': 'ListItem', 'position': 3, 'item': {'@type': 'WebPage', '@id': 'https://vonguru.fr/2020/07/08/les-3-domaines-que-lintelligence-artificielle-va-revolutionner/', 'name': 'Les 3 domaines que l‚Äôintelligence artificielle va r√©volutionner'}}]","[{'@type': 'Article', '@id': 'https://vonguru.fr/2020/07/08/les-3-domaines-que-lintelligence-artificielle-va-revolutionner/#article', 'isPartOf': {'@id': 'https://vonguru.fr/2020/07/08/les-3-domaines-que-lintelligence-artificielle-va-revolutionner/'}, 'author': {'name': 'Druide', '@id': 'https://vonguru.fr/#/schema/person/cc6816d1972b469b523e9dfef4d9ec05'}, 'headline': 'Les 3 domaines que l‚Äôintelligence artificielle va r√©volutionner', 'datePublished': '2020-07-08T08:27:27+00:00', 'dateModified': '2020-07-08T09:20:21+00:00', 'mainEntityOfPage': {'@id': 'https://vonguru.fr/2020/07/08/les-3-domaines-que-lintelligence-artificielle-va-revolutionner/'}, 'wordCount': 832, 'commentCount': 0, 'publisher': {'@id': 'https://vonguru.fr/#organization'}, 'image': {'@id': 'https://vonguru.fr/2020/07/08/les-3-domaines-que-lintelligence-artificielle-va-revolutionner/#primaryimage'}, 'thumbnailUrl': 'https://vonguru.fr/wp-content/uploads/2020/07/Intelligence-artificielle.jpg', 'keywords': ['Sponsoris√©'], 'articleSection': ['Business'], 'inLanguage': 'fr-FR', 'potentialAction': [{'@type': 'CommentAction', 'name': 'Comment', 'target': ['https://vonguru.fr/2020/07/08/les-3-domaines-que-lintelligence-artificielle-va-revolutionner/#respond']}], 'copyrightYear': '2020', 'copyrightHolder': {'@id': 'https://vonguru.fr/#organization'}}, {'@type': 'WebPage', '@id': 'https://vonguru.fr/2020/07/08/les-3-domaines-que-lintelligence-artificielle-va-revolutionner/', 'url': 'https://vonguru.fr/2020/07/08/les-3-domaines-que-lintelligence-artificielle-va-revolutionner/', 'name': 'Quels secteurs profiteront de l‚Äôintelligence artificielle ? - Vonguru', 'isPartOf': {'@id': 'https://vonguru.fr/#website'}, 'primaryImageOfPage': {'@id': 'https://vonguru.fr/2020/07/08/les-3-domaines-que-lintelligence-artificielle-va-revolutionner/#primaryimage'}, 'image': {'@id': 'https://vonguru.fr/2020/07/08/les-3-domaines-que-lintelligence-artificielle-va-revolutionner/#primaryimage'}, 'thumbnailUrl': 'https://vonguru.fr/wp-content/uploads/2020/07/Intelligence-artificielle.jpg', 'datePublished': '2020-07-08T08:27:27+00:00', 'dateModified': '2020-07-08T09:20:21+00:00', 'description': 'Trois domaines sont vou√©s √† √™tre compl√®tement boulevers√©s gr√¢ce aux avanc√©es dans les technologies de l‚Äôintelligence artificielle.', 'breadcrumb': {'@id': 'https://vonguru.fr/2020/07/08/les-3-domaines-que-lintelligence-artificielle-va-revolutionner/#breadcrumb'}, 'inLanguage': 'fr-FR', 'potentialAction': [{'@type': 'ReadAction', 'target': ['https://vonguru.fr/2020/07/08/les-3-domaines-que-lintelligence-artificielle-va-revolutionner/']}]}, {'@type': 'ImageObject', 'inLanguage': 'fr-FR', '@id': 'https://vonguru.fr/2020/07/08/les-3-domaines-que-lintelligence-artificielle-va-revolutionner/#primaryimage', 'url': 'https://vonguru.fr/wp-content/uploads/2020/07/Intelligence-artificielle.jpg', 'contentUrl': 'https://vonguru.fr/wp-content/uploads/2020/07/Intelligence-artificielle.jpg', 'width': 650, 'height': 459, 'caption': 'Intelligence artificielle'}, {'@type': 'BreadcrumbList', '@id': 'https://vonguru.fr/2020/07/08/les-3-domaines-que-lintelligence-artificielle-va-revolutionner/#breadcrumb', 'itemListElement': [{'@type': 'ListItem', 'position': 1, 'name': 'Accueil', 'item': 'https://vonguru.fr/'}, {'@type': 'ListItem', 'position': 2, 'name': 'Les 3 domaines que l‚Äôintelligence artificielle va r√©volutionner'}]}, {'@type': 'WebSite', '@id': 'https://vonguru.fr/#website', 'url': 'https://vonguru.fr/', 'name': 'Vonguru', 'description': 'High Tech, culture geek et gadgets', 'publisher': {'@id': 'https://vonguru.fr/#organization'}, 'potentialAction': [{'@type': 'SearchAction', 'target': {'@type': 'EntryPoint', 'urlTemplate': 'https://vonguru.fr/?s={search_term_string}'}, 'query-input': 'required name=search_term_string'}], 'inLanguage': 'fr-FR'}, {'@type': 'Organization', '@id': 'https://vonguru.fr/#organization', 'name': 'Vonguru', 'url': 'https://vonguru.fr/', 'logo': {'@type': 'ImageObject', 'inLanguage': 'fr-FR', '@id': 'https://vonguru.fr/#/schema/logo/image/', 'url': 'https://vonguru.fr/wp-content/uploads/2020/11/Logo-small-site-V2.png', 'contentUrl': 'https://vonguru.fr/wp-content/uploads/2020/11/Logo-small-site-V2.png', 'width': 184, 'height': 65, 'caption': 'Vonguru'}, 'image': {'@id': 'https://vonguru.fr/#/schema/logo/image/'}, 'sameAs': ['https://www.facebook.com/vonguru', 'https://x.com/vonguruweb']}, {'@type': 'Person', '@id': 'https://vonguru.fr/#/schema/person/cc6816d1972b469b523e9dfef4d9ec05', 'name': 'Druide', 'image': {'@type': 'ImageObject', 'inLanguage': 'fr-FR', '@id': 'https://vonguru.fr/#/schema/person/image/', 'url': 'https://secure.gravatar.com/avatar/80932ec9c6663c7c88e087f991a62b74?s=96&r=g', 'contentUrl': 'https://secure.gravatar.com/avatar/80932ec9c6663c7c88e087f991a62b74?s=96&r=g', 'caption': 'Druide'}, 'description': ""Dans les m√©andres de la distributions informatiques j'√©volues depuis Samain 1999""}]"
https://news.google.com/rss/articles/CBMilAFodHRwczovL3d3dy5tb250cmVhbGludGVybmF0aW9uYWwuY29tL2ZyL2FjdHVhbGl0ZXMvbGUtY2VudHJlLWRleHBlcnRpc2UtaW50ZXJuYXRpb25hbC1kZS1tb250cmVhbC1wb3VyLWxhdmFuY2VtZW50LWRlLWxpYS1lc3Qtb2ZmaWNpZWxsZW1lbnQtbGFuY2Uv0gEA?oc=5,Le Centre d'expertise international de Montr√©al pour l'avancement de l'IA est officiellement lanc√© - Montr√©al International,2020-07-09,Montr√©al International,https://www.montrealinternational.com,N/A,N/A,N/A,N/A,N/A,N/A,N/A,,,,https://schema.org,,,,,,,,,,,,"[{'@type': 'Article', '@id': 'https://www.montrealinternational.com/fr/actualites/le-centre-dexpertise-international-de-montreal-pour-lavancement-de-lia-est-officiellement-lance/', 'url': 'https://www.montrealinternational.com/fr/actualites/le-centre-dexpertise-international-de-montreal-pour-lavancement-de-lia-est-officiellement-lance/', 'name': ""Le Centre d'expertise international de Montr√©al pour l'avancement de l'IA est officiellement lanc√© | Montr√©al International"", 'isPartOf': {'@id': 'https://www.montrealinternational.com/fr/#website'}, 'datePublished': '2020-07-09T12:00:28+00:00', 'dateModified': '2023-10-20T15:05:33+00:00', 'breadcrumb': {'@id': 'https://www.montrealinternational.com/fr/actualites/le-centre-dexpertise-international-de-montreal-pour-lavancement-de-lia-est-officiellement-lance/#breadcrumb'}, 'inLanguage': 'fr-FR', 'potentialAction': [{'@type': 'ReadAction', 'target': ['https://www.montrealinternational.com/fr/actualites/le-centre-dexpertise-international-de-montreal-pour-lavancement-de-lia-est-officiellement-lance/']}], 'headline': ""Le Centre d'expertise international de Montr√©al pour l'avancement de l'IA est officiellement lanc√©"", 'image': ['https://www.montrealinternational.com/app/uploads/2020/07/annonce-ceimia06072020-a-1_524x348_acf_cropped-1.jpg'], 'author': [{'@type': 'Organization', 'name': 'Montr√©al International', 'url': 'https://www.montrealinternational.com/fr/'}]}, {'@type': 'BreadcrumbList', '@id': 'https://www.montrealinternational.com/fr/actualites/le-centre-dexpertise-international-de-montreal-pour-lavancement-de-lia-est-officiellement-lance/#breadcrumb', 'itemListElement': [{'@type': 'ListItem', 'position': 1, 'name': 'Home', 'item': 'https://www.montrealinternational.com/fr/'}, {'@type': 'ListItem', 'position': 2, 'name': 'Le Centre d&rsquo;expertise international de Montr√©al pour l&rsquo;avancement de l&rsquo;IA est officiellement lanc√©'}]}, {'@type': 'WebSite', '@id': 'https://www.montrealinternational.com/fr/#website', 'url': 'https://www.montrealinternational.com/fr/', 'name': 'Montr√©al International', 'description': '', 'potentialAction': [{'@type': 'SearchAction', 'target': {'@type': 'EntryPoint', 'urlTemplate': 'https://www.montrealinternational.com/fr/?s={search_term_string}'}, 'query-input': 'required name=search_term_string'}], 'inLanguage': 'fr-FR'}]"
https://news.google.com/rss/articles/CBMicWh0dHBzOi8vd3d3LnByZXNzZS1jaXRyb24ubmV0L3R3aXR0ZXItYS10LWlsLWNvbGxhYm9yZS1hdmVjLWxhLXBvbGljZS1sb3JzLWRlcy1tYW5pZmVzdGF0aW9ucy1ibGFjay1saXZlcy1tYXR0ZXIv0gEA?oc=5,Twitter a-t-il collabor√© avec la police lors des manifestations Black Lives Matter ? - Presse-citron,2020-07-10,Presse-citron,https://www.presse-citron.net,"La startup Dataminr, qui a un ""l'acc√®s privil√©gi√©"" √† la data de Twitter, aurait √©t√© un partenaire de renseignement et de surveillance de pointe pour la police am√©ricaine.",N/A,"La startup Dataminr, qui a un ""l'acc√®s privil√©gi√©"" √† la data de Twitter, aurait √©t√© un partenaire de renseignement et de surveillance de pointe pour la police am√©ricaine.",N/A,N/A,N/A,"


        Twitter a-t-il collabor√© avec la police lors des manifestations Black Lives Matter¬†?
    

La startup Dataminr, qui a un ‚Äúl‚Äôacc√®s privil√©gi√©‚Äù √† la data de Twitter, aurait √©t√© un partenaire de renseignement et de surveillance de pointe pour la police am√©ricaine.







      Publi√© le 10 juillet 2020 √† 18 h 30 min
    

              Par 
          Hadrien Augusto        








 
              ¬© Presse-citron.net
            








ùïè










Coup de th√©√¢tre sur l‚Äôaffaire des r√©seaux sociaux et du mouvement Black Lives Matter. La tr√®s controvers√©e entreprise d‚Äôintelligence artificielle Dataminr, qui poss√®de un acc√®s privil√©gi√© aux donn√©es de Twitter, aurait travaill√© avec les polices des diff√©rents √©tats am√©ricains pour renforcer la surveillance et la pr√©diction des √©v√©nements de juin dernier, √† la suite de la mort de George Floyd.
L‚Äôentreprise qui est √©valu√©e √† plus de 1,8 milliard de dollars, est un v√©ritable m√©dia en lui-m√™me, tant il est en train de devenir une plateforme de taille pour avertir les r√©dactions des √©v√©nements importants se d√©roulant dans le monde, presque en temps r√©el. Son travail √† travers des outils d‚Äôintelligence artificielle, consiste √† tracker les moindres tweets informant d‚Äôune situation anormale dans le monde. En revanche, sa client√®le restait jusqu‚Äôalors tr√®s secr√®te.



En parall√®le au monde journalistique, les clients de Dataminr seraient √©galement pr√©sents au sein des autorit√©s publiques. Un rapport assez flou, mais qui vient d‚Äô√™tre mis sous les feux des projecteurs dans un travail d‚Äôinvestigation du m√©dia The Intercept, d√©clare que ¬´¬†Dataminr a relay√© des tweets et d‚Äôautres contenus de m√©dias sociaux sur les manifestations de George Floyd et Black Lives Matter directement √† la police¬†¬ª.
Pourtant, selon le contrat entre la startup et Twitter, il est formellement indiqu√© que les d√©veloppeurs du logiciel sont interdits ¬´¬†de suivre, d‚Äôalerter ou de surveiller des √©v√©nements sensibles (tels que des manifestations, des rassemblements ou des r√©unions d‚Äôorganisation de la communaut√©)¬†¬ª par le biais de la data de Twitter.



De la surveillance plus que des alertes pour les m√©dias
Pour en venir √† ses r√©v√©lations, The Intercept explique avoir men√© son √©tude sur la base d‚Äôentretiens et de documents des entreprises. Le constat est le suivant¬†: plut√¥t que de ne faire qu‚Äôalerter, Dataminr op√®re bien une activit√© de surveillance pour les forces de l‚Äôordre. Le travail de la startup permettrait en temps r√©el de donner des informations sur les mouvements en cours, mais aussi de faire des pr√©dictions sur les √©v√©nements futurs, ce qui est ni plus ni moins que de la surveillance pour aider la police √† se d√©ployer aux bons endroits en avance.
¬´¬†Il est vrai que Dataminr ne suit pas sp√©cifiquement les manifestants et les militants individuellement, mais √† la demande de la police, ils suivent les manifestations, et donc les manifestants¬†¬ª, expliquait une source √† The Intercept, sur la question de la violation de la vie priv√©e dans un tel sc√©nario. Selon ce m√™me individu au courant de la situation, les diff√©rentes polices (dont celle de New York City, de Los Angeles, de Chicago et de l‚Äô√âtat de Louisiane) seraient ¬´¬†certains des plus gros clients de Dataminr¬†¬ª.



Retournement de situation
Le scandale suite √† la mort de George Floyd qui a popularis√© le slogan et le mouvement ¬´¬†Black Lives Matter¬†¬ª, a √©t√© suivi de pr√®s par les r√©seaux sociaux. L‚Äôactualit√© a m√™me amen√© les diff√©rentes plateformes au centre d‚Äôune affaire, avec d‚Äôun c√¥t√© Twitter figurant comme les grands d√©fenseurs du mouvement (en plus d‚Äôavoir rapidement pris position sur des propos de Donald Trump relatif √† la situation), et Facebook, visiblement tr√®s laxiste sur les √©v√©nements et les cons√©quences politiques.
Avec de telles r√©v√©lations pour Dataminr, le r√©seau social √† l‚Äôoiseau bleu pourrait avoir des ennuis. Son √©troite collaboration, qui est indispensable au personnel de la startup tant elle se base presque exclusivement sur sa data, pourrait la mettre dans la tourmente.
Twitter pourrait rapidement √™tre rapproch√© du dossier, tant il a toujours d√©crit l‚Äôactivit√© de Dataminr comme une source d‚Äôalertes informatives, et non de source de renseignement. Une diff√©rence majeure coule pourtant entre les deux. Les premiers dossiers d‚Äôune collaboration douteuse remontent √† 2016, et il serait difficile √† croire que le r√©seau social ne serait pas au courant de l‚Äôactivit√© de son ‚Äúpartenaire officiel‚Äù, qui plus est d√©tenteur d‚Äôun ‚Äúacc√®s privil√©gi√©‚Äù √† ses donn√©es.

üìç Pour ne manquer aucune actualit√© de Presse-citron, suivez-nous sur Google Actualit√©s et WhatsApp.




                [ SOURCE ]
              

surveillanceTwitter 










Sur le m√™me sujet






L√©gislatives 2024¬†: TikTok va-t-il influencer le vote plus qu‚Äôon ne le pensait¬†?







Adieu Twitter, le r√©seau social a une nouvelle adresse







Digital Markets Act¬†: la Commission europ√©enne d√©signe une nouvelle plateforme et enqu√™te sur X







X passe √† l‚Äôoffensive avec cette grosse nouveaut√© IA






Cliquer pour commenter




Laisser un commentaire Votre adresse e-mail ne sera pas publi√©e. Les champs obligatoires sont indiqu√©s avec *Commentaire * Nom * 
E-mail * 
 Je veux recevoir la newsletter Presse-citron DailyCliquez ici pour annuler la r√©ponse. 

Œî 



Les derni√®res actualit√©s





 

              L‚ÄôEffet Mistral AI¬†: la French Tech fr√¥le le milliard d‚Äôeuros lev√©s en juin            





 

              Si votre Mac n‚Äôest pas sur cette liste, il est peut-√™tre temps de le remplacer            





 

              Temu, Shein, Aliexpress¬†: pourquoi vous devriez bient√¥t payer plus cher            





 

              Vacances¬†: 5 s√©ries de 2024 √† voir absolument cet √©t√©            





 

              Voici la nouvelle astuce de Renault pour baisser les co√ªts de ses voitures √©lectriques            





 

              √Ä -43%, difficile de r√©sister au Galaxy Book4, PC portable Samsung boost√© √† l‚ÄôIA            





 

              Apr√®s les drones et les cam√©ras, DJI se lance dans les VTT √©lectriques            





 

              Vous voulez faire des √©conomies¬†? Arr√™tez le paiement sans contact            











Derni√®res news




          L‚ÄôEffet Mistral AI¬†: la French Tech fr√¥le le milliard d‚Äôeuros lev√©s en juin        




          Si votre Mac n‚Äôest pas sur cette liste, il est peut-√™tre temps de le remplacer        




          Temu, Shein, Aliexpress¬†: pourquoi vous devriez bient√¥t payer plus cher        


√Ä la une




          Dyson¬†: d√©couvrez les soldes d‚Äô√©t√© et √©conomisez jusqu‚Äô√† 200‚Ç¨ sur une s√©lection de technologies        







Les meilleurs forfaits 






ILLIMIT√â
2 Go


1,99 ‚Ç¨







ILLIMIT√â
150 Go


11,99 ‚Ç¨




Les tests




          J‚Äôai test√© : remplacer mes AirPods Pro par les Fairbuds, les √©couteurs √©co-responsables        




          Test Dreame X40 Ultra Complete¬†: une machine exceptionnelle oui, mais son tarif est-il vraiment raisonnable¬†?        




          J‚Äôai test√© l‚ÄôApple Vision Pro pendant un mois¬†: pourquoi ceci n‚Äôest pas une r√©volution (6 raisons)        


Logiciels les + t√©l√©charg√©s




            Opera One
          




            Google Play Store
          




            Adobe Reader
          




            WhatsApp
          




            WinRAR
          




            uTorrent
          




            ChatGPT
          




            VLC Media Player
          




            CCleaner
          




            Microsoft 365
          




            Google Chrome
          




            Xender
          




            Avast Gratuit
          




            Mozilla Firefox
          




            Avast One
          







 

",,,,https://schema.org,,,,,,,,,,,,"[{'@type': 'Article', '@id': 'https://www.presse-citron.net/twitter-a-t-il-collabore-avec-la-police-lors-des-manifestations-black-lives-matter/#article', 'isPartOf': {'@id': 'https://www.presse-citron.net/twitter-a-t-il-collabore-avec-la-police-lors-des-manifestations-black-lives-matter/'}, 'author': {'name': 'Hadrien Augusto', '@id': 'https://www.presse-citron.net/#/schema/person/95b7af5dbed1a6ee3aa391fd0758f441'}, 'headline': 'Twitter a-t-il collabor√© avec la police lors des manifestations Black Lives Matter&nbsp;?', 'datePublished': '2020-07-10T16:30:12+00:00', 'dateModified': '2020-07-16T09:11:25+00:00', 'mainEntityOfPage': {'@id': 'https://www.presse-citron.net/twitter-a-t-il-collabore-avec-la-police-lors-des-manifestations-black-lives-matter/'}, 'wordCount': 727, 'commentCount': 0, 'publisher': {'@id': 'https://www.presse-citron.net/#organization'}, 'image': {'@id': 'https://www.presse-citron.net/twitter-a-t-il-collabore-avec-la-police-lors-des-manifestations-black-lives-matter/#primaryimage'}, 'thumbnailUrl': 'https://www.presse-citron.net/app/uploads/2020/04/twitter-firefox.jpg', 'keywords': ['surveillance', 'Twitter'], 'articleSection': ['R√©seaux sociaux'], 'inLanguage': 'fr-FR', 'potentialAction': [{'@type': 'CommentAction', 'name': 'Comment', 'target': ['https://www.presse-citron.net/twitter-a-t-il-collabore-avec-la-police-lors-des-manifestations-black-lives-matter/#respond']}]}, {'@type': 'WebPage', '@id': 'https://www.presse-citron.net/twitter-a-t-il-collabore-avec-la-police-lors-des-manifestations-black-lives-matter/', 'url': 'https://www.presse-citron.net/twitter-a-t-il-collabore-avec-la-police-lors-des-manifestations-black-lives-matter/', 'name': 'Twitter a-t-il collabor√© avec la police lors des manifestations Black Lives Matter ?', 'isPartOf': {'@id': 'https://www.presse-citron.net/#website'}, 'primaryImageOfPage': {'@id': 'https://www.presse-citron.net/twitter-a-t-il-collabore-avec-la-police-lors-des-manifestations-black-lives-matter/#primaryimage'}, 'image': {'@id': 'https://www.presse-citron.net/twitter-a-t-il-collabore-avec-la-police-lors-des-manifestations-black-lives-matter/#primaryimage'}, 'thumbnailUrl': 'https://www.presse-citron.net/app/uploads/2020/04/twitter-firefox.jpg', 'datePublished': '2020-07-10T16:30:12+00:00', 'dateModified': '2020-07-16T09:11:25+00:00', 'description': 'La startup Dataminr, qui a un ""l\'acc√®s privil√©gi√©"" √† la data de Twitter, aurait √©t√© un partenaire de renseignement et de surveillance de pointe pour la police am√©ricaine.', 'breadcrumb': {'@id': 'https://www.presse-citron.net/twitter-a-t-il-collabore-avec-la-police-lors-des-manifestations-black-lives-matter/#breadcrumb'}, 'inLanguage': 'fr-FR', 'potentialAction': [{'@type': 'ReadAction', 'target': ['https://www.presse-citron.net/twitter-a-t-il-collabore-avec-la-police-lors-des-manifestations-black-lives-matter/']}]}, {'@type': 'ImageObject', 'inLanguage': 'fr-FR', '@id': 'https://www.presse-citron.net/twitter-a-t-il-collabore-avec-la-police-lors-des-manifestations-black-lives-matter/#primaryimage', 'url': 'https://www.presse-citron.net/app/uploads/2020/04/twitter-firefox.jpg', 'contentUrl': 'https://www.presse-citron.net/app/uploads/2020/04/twitter-firefox.jpg', 'width': 1400, 'height': 932, 'caption': '¬© Presse-citron.net'}, {'@type': 'BreadcrumbList', '@id': 'https://www.presse-citron.net/twitter-a-t-il-collabore-avec-la-police-lors-des-manifestations-black-lives-matter/#breadcrumb', 'itemListElement': [{'@type': 'ListItem', 'position': 1, 'name': 'Accueil', 'item': 'https://www.presse-citron.net/'}, {'@type': 'ListItem', 'position': 2, 'name': 'Twitter a-t-il collabor√© avec la police lors des manifestations Black Lives Matter&nbsp;?'}]}, {'@type': 'WebSite', '@id': 'https://www.presse-citron.net/#website', 'url': 'https://www.presse-citron.net/', 'name': 'Presse-citron', 'description': 'Connectez-vous √† l&#039;innovation', 'publisher': {'@id': 'https://www.presse-citron.net/#organization'}, 'potentialAction': [{'@type': 'SearchAction', 'target': {'@type': 'EntryPoint', 'urlTemplate': 'https://www.presse-citron.net/?s={search_term_string}'}, 'query-input': 'required name=search_term_string'}], 'inLanguage': 'fr-FR'}, {'@type': 'Organization', '@id': 'https://www.presse-citron.net/#organization', 'name': 'Presse-Citron', 'url': 'https://www.presse-citron.net/', 'logo': {'@type': 'ImageObject', 'inLanguage': 'fr-FR', '@id': 'https://www.presse-citron.net/#/schema/logo/image/', 'url': 'https://www.presse-citron.net/app/uploads/2020/02/presse-citron-logo.png', 'contentUrl': 'https://www.presse-citron.net/app/uploads/2020/02/presse-citron-logo.png', 'width': 441, 'height': 60, 'caption': 'Presse-Citron'}, 'image': {'@id': 'https://www.presse-citron.net/#/schema/logo/image/'}, 'sameAs': ['https://www.facebook.com/pressecitron.blog', 'https://twitter.com/pressecitron', 'https://www.instagram.com/presse_citron/', 'https://www.youtube.com/user/StuffiFR']}, {'@type': 'Person', '@id': 'https://www.presse-citron.net/#/schema/person/95b7af5dbed1a6ee3aa391fd0758f441', 'name': 'Hadrien Augusto', 'image': {'@type': 'ImageObject', 'inLanguage': 'fr-FR', '@id': 'https://www.presse-citron.net/#/schema/person/image/', 'url': 'https://secure.gravatar.com/avatar/4c17ec4ecd801552a350b56f27001484?s=96&d=https%3A%2F%2Fwww.presse-citron.net%2Fapp%2Fthemes%2Fpresse-citron%2Fpublic%2Fimages%2Favatars%2Fpressecitron.png&r=g', 'contentUrl': 'https://secure.gravatar.com/avatar/4c17ec4ecd801552a350b56f27001484?s=96&d=https%3A%2F%2Fwww.presse-citron.net%2Fapp%2Fthemes%2Fpresse-citron%2Fpublic%2Fimages%2Favatars%2Fpressecitron.png&r=g', 'caption': 'Hadrien Augusto'}, 'description': 'S‚Äôil n‚Äôest pas en train de planifier un nouveau voyage solitaire, Hadrien trouve sa curiosit√© dans l‚Äôinfluence grandissante de la tech au sein de notre soci√©t√©. Finance, politique, startups et mobilit√© sont ses th√©matiques les plus abord√©es.', 'sameAs': ['https://www.instagram.com/hadrienaugusto/', 'www.linkedin.com/in/hadrien-augusto', 'https://twitter.com/https://twitter.com/HadrienAugusto'], 'url': 'https://www.presse-citron.net/author/hadrien/'}]"
